entity_head,entity_tail
左膝关节表面置换术,左膝关节
阑尾切除术,右下腹
右膝关节表面置换术,右膝关节
茶碱缓释片,心脏
鹿瓜多肽注射液,颈部
地塞米松注射液,腰部
0.9%氯化钠注射液,静脉
加地塞米松注射液,神经根
复方鲜竹沥,痰
大活络丸,腰部
胞磷胆碱注射液,脑血管
碎石取石术,右肾
孟鲁斯特咀嚼片,痰
川贝清肺,痰
麻仁滋脾丸,胃肠
氨溴索,痰
0.9%氯化钠注射液,头、颈部血管
左大腿中下段截肢手术,左下肢
银杏达莫注射液,头、颈部血管
石蜡油,胃管
氨曲南,气道
左桡骨远端骨折切开复位内固定术,左侧尺桡骨远端
5%葡萄糖注射液,脑血管
牛黄清心丸,血压
表柔比星,膀胱
盐酸氨溴索注射液,痰
鹿瓜多肽注射液,静脉
中成药大活络丸,颈部
多索茶碱,支气管
中药泻心汤,胃
罂粟碱注射液,头、颈部血管
0.9%氯化钠注射液,脑血管
布地奈德雾,气道
沙丁胺醇,气道
鹿瓜多肽注射液,腰部
氨溴特罗,痰
鹿瓜多肽,腰部
氨茶碱、茶碱缓释片,支气管
银杏达莫注射液,静脉
呋塞米,心脏
盐酸氨溴索葡糖糖注射液,痰
5%葡萄糖注射液,心肌
蜜炼川贝枇杷膏,痰
直肠癌切除术,腹部
硝酸甘油注射液,心脏
头孢哌酮,气道
左侧股骨骨折切开复位内固定术,左侧股骨
布地奈德,气道
前列腺激光汽化术,尿道
泮托拉唑,胃黏膜
泮托拉唑抑酸,胃粘膜
含服硝苯地平片,舌下
0.9%氯化钠注射液,腰部
注射用奥美拉唑,胃黏膜
罂粟碱注射液,静脉
0.9%氯化钠注射液,颈部
直肠癌切除术,肠道
螺内酯,心脏
长春西汀注射液,脑血管
甘露醇,腰部
抗感染、止咳化痰,痰
20%甘露醇,神经根
多索茶碱,气道
灭菌用水,膀胱
中成药物大活络丸,腰部
布地奈德,呼吸道
银杏达莫注射液,心肌
银杏达莫注射液,脑血管
硝苯地平缓释片,两膝
内镜上切除术,胸
肺表面活性物质,气管
单硝酸异山梨酯缓释片,上肢
胆囊切除+胆总管切开取石+T管引流术,腹
剖腹探查术,盆腔
异丙嗪,胃窦
胰十二指肠切除术,上腔静脉
奥沙利铂,臀部
腹腔辅助上直肠癌根治术（DIXON）+放射性粒子植入术,肠壁全层
部分小肠切除术,回肠
椎间盘切除+植骨cage植入+钢板内固定术,颈部
拜阿司匹林,左基底节区
气管切开,左基底节区
胃癌根治术,下腹
无水酒精,肝
腹腔镜子宫内膜癌分期术,宫体
右乳包块活检术,骨髓
头孢地尼胶囊,胸
乌拉地尔,四肢
诺和锐,胃
行乐沙定,胃窦部
螺内酯,右肾
紫杉醇,胃肠道
右前臂动静脉内瘘成形术,两上肢
腹腔镜上直肠癌根治术DIXON,直肠下段
腹腔镜转开腹，姑息性腹膜后肿瘤切除+胆囊切除,下腹
多索茶碱,胸腔
替吉奥,肾
泮托拉唑,肝
安素泰,消化道
氨茶碱,心
剖腹探查,直肠
胰岛素,心
行乐沙定,左侧下肢
美西律,头
门冬氨酸鸟氨酸,肝
胃癌根治术(全胃）,食管
缬沙坦,头
广泛全子宫两附件切除术+盆腔淋巴结清扫术+阔韧带肌瘤剥除术+阴道顶悬吊术,肝
希罗达,胰
腹腔镜上DIXON术,乙状结肠
雷诺得,右股骨
乙状结肠癌手术,淋巴结可见癌转移（肠周1/13，直肠下动脉旁0/1）
左半结肠切除+WIPPLE术,肠
肝门部胆管癌切除术,腹膜后淋巴结
DIXON术,肠旁淋巴结
空肠回肠侧侧吻合术,小肠
腹腔镜上乙状结肠癌根治术,肠系膜淋巴结
结肠癌根治术,乙状结肠
清宫术,心
腹腔镜探查，经腹会阴直肠癌联合根治术,结肠下动脉根部
腹腔镜辅助上根治性全胃切除（D2）+食管空肠ROUX-EN-Y吻合术,胃
XELODA,右上肺
腹腔镜上直肠癌根治术DIXON,盆腔
胃早癌剥离术,胸
上肢动脉置管溶栓术,两上肢
布地奈德,头
子宫动脉造影术及子宫动脉栓塞术及利凡诺羊膜腔穿刺引产术,子宫内膜
姑息性右半结肠切除术,肠
舒普深,气管
气管切开,左肺下叶
格列卫,直肠
开腹探查、直肠癌HARTMANN切除术,肠周淋巴结
曲美布汀,头
诺和锐30,两上肢
紫杉醇脂质体,胃部
阿司匹林,心
阿奇霉素,鼻
全胃切除术,网膜淋巴结
氟尿嘧啶,7、8、9组淋巴结
胃癌姑息切除术（远端胃大切）,胰腺
IFP,肠
S-1,肝门淋巴结
右侧腋窝肿块切除术,右肺上叶
施慧达,胸
消渴丸,手足
胃癌根治术（远端胃大切,胃
经腹会阴联合直肠癌根治术,直肠
胃大部切除后行毕II式吻合,S2
希罗达,乳头
腹腔镜上根治性全胃切除+食管空肠ROUX-Y吻合术（D2）,肝脏
乐沙定,胃
小肠癌根治术,腹
斯达舒,腹
直肠癌根治术,肠周淋巴结
乳果糖,浅表淋巴结
来得时,腹
甲泼尼龙,肺门
胆囊摘除术,胃
肝癌放射性粒子置入术,左下腹
腹腔镜上两卵巢切除术+腹腔热灌注,卵巢
培美曲塞,胃
依托泊苷,腹
胰十二指肠切除术,腹腔
重组甘精胰岛素注射液（长秀霖笔芯）,两上肢
腹腔镜上乙状结肠病损切除术,肝脏
XELODA,胃体
腹腔镜探查,胃窦
格列卫,回盲部
腹腔镜DIXON+回肠造瘘术,肠
剖腹探查,腹
直肠癌经腹、会阴联合切除术（MILES术），右侧腹壁永久造瘘,肝脏
胸椎肿瘤后路切除+内固定术,椎管
重组甘精胰岛素注射液（长秀霖笔芯）,肢体
乙状结肠癌切除术、远端闭锁、近端造瘘术,肠
全麻上宫颈癌根治术（保留神经III型广泛子宫切除术+两侧附件切除术+盆腔淋巴结清扫术）,宫颈及颈管
华法林,两肺上叶
行乐沙定,腹
氟伐他汀钠缓释片,头
胆囊摘除术,右侧肢体
多索茶碱,肺门
络活喜,颈动脉
清宫术,阴道
速效救心丸,心前区
姑息性胰十二指肠切除术,下腹部
腹腔镜左半结肠切除术,升结肠
世福素,胃
地高辛,双下肢
地塞米松,胰
宫颈活检术,外阴
全子宫切除+盆腔淋巴结清扫术,两附件
扩大性左半结肠根治术,肠旁淋巴结
肝癌射频消融术,肝左叶第VIII段
阿司匹林,肢体
瑞宁得,肝脏
多帕菲,肝
洛铂,消化道
腹腔置管引流术,肝
奥铂,腹腔干
右上肢动脉造影+右上肢动脉置管溶栓术,右足
广泛全子宫两附件切除术+盆腔淋巴结清扫术+阔韧带肌瘤剥除术+阴道顶悬吊术,腹腔
左甲状腺素钠片,甲状腺
环磷腺苷葡胺,双下肢
胃癌根治术（远端胃大切）,胃
两侧子宫动脉化疗栓塞术,左侧髂内动脉
氟伐他汀钠缓释片,气管
阿司匹林,剑突
腹腔镜上广泛子宫切除,两侧宫旁
洛铂,胸
珍菊降压片,胸
氨氯地平,肺内血管支气管束
拜阿司匹林,右侧肢体
宫颈,宫颈
胎盘多肽,肺内血管支气管束
阿托伐他汀钙,三尖瓣
胃癌根治术,肝
阿卡波糖,心
厄洛替尼,颅
蒲元和胃胶囊,右下腹
胆囊切除术,胆石利通片
胰尾+脾+部分结肠切除术,结肠脾曲
胃癌根治术,大网膜
腹腔镜直肠癌根治切除术,腹
腹腔镜上横结肠癌根治性切除术,腹腔
左半结肠切除术,腹
冸托拉唑,胃
普美显,门脉
分段诊刮,右侧附件
左上肢大隐静脉手术,两上肢
卡铂,肝
右侧胸腔引流术,胸
胃空肠吻合术,十二指肠
肝肿瘤射频消融,肝
RFA术,肝右叶
右前臂动静脉内瘘吻合术,腹
九味羌活丸,心
全子宫+两附件切除+腹盆腔粘连松解术,子宫右前侧壁上段
气管插管,胃
广泛全子宫两附件切除术+盆腔淋巴结清扫术+阔韧带肌瘤剥除术+阴道顶悬吊术,肠
TACE,腹
卡培他滨（希罗达）,腹
厄贝沙坦,主动脉瓣
胃癌根治术,贲门齿状线下部分食管
内镜上直肠息肉切除术,心
螺内酯,腹
紫杉醇,背
异舒吉,耳
卡培他滨,上腹部
腹腔镜上直乙交界处结肠癌根治术,腹膜返折
奥沙利铂,腹腔
胰十二指肠联合切除术,胰腺
奥沙利铂,腰骶部
九味羌活丸,胸
剖腹探查术+回肠造瘘术,腹部
卵巢癌减灭术,盆腔
厄贝沙坦氢氯噻嗪,头
头孢美唑,间隔
经腹广泛性子宫+两附件切除术+盆腔淋巴结清扫术,阴道壁
两侧输卵管结扎术,肝
替加氟,肠
肠息肉切除术,胸骨后
5-FU,左侧髂内动脉
翻身三切口食管下段癌切除+食管-胃底右颈部吻合+第6后肋内固定+空肠造瘘术,(胃右动脉旁)淋巴结
洛铂,腹腔
剖腹探查,子宫
小肠癌根治术,肠管
单硝酸异山梨酯,胸
子宫,子宫
普美显,肝左后叶
氨溴索,肺部
格列卫,盆腔
比索洛尔,头
来得时,胃
右侧上肢动脉PTA+STENT+右上肢动脉置管溶栓术,右第1、2足趾
特素,腹
胆囊摘除术,两肺
MTX,肠
清宫术,子宫内膜
全子宫、两附件、大网膜及阑尾切除术,大网膜
顺铂,双下肢
紫杉醇,腹
B-II重建,胃
宫颈癌根治术(II型子宫切除+两侧附件切除+盆腔淋巴结清扫术+腹主动脉旁淋巴结活检术）,宫颈下唇
乐喜林,心
艾司奥美拉唑镁肠溶片,胸骨后
头孢地尼胶囊,腹
低分子肝素钙,脑
培哚普利,两上肢
厄贝沙坦,二尖瓣
厄贝沙坦氢氯噻嗪,气管
经左胸下腹颈部食管部分切除+胃食管颈部吻合+二野清扫术,胸骨
低分子肝素钙,胃
腹腔镜辅助上根治性右半结肠切除术+小肠肿物切除术,右半结肠
根治性远端胃大部切除术,盆腔
胰十二指肠切除术,眼
胃癌根治术,小弯
全胃+D2,胃
腹腔镜辅助右半结肠根治性切除术、胃部分切除术,胃大弯后壁
冸托拉唑,右下腹
曲美布汀,下腹部
食管癌切除、胃食管弓下吻合术,心前区
沐舒坦,胃
肝部分切除及胆囊切除术,腹
乙状结肠癌根治术,胆囊
顺铂,背
姑息性胰十二指肠切除术,SMV
卵巢癌分期术,腹
曲美布汀,心
5-FU,幽门
剖腹探查,盆腔
根治性左半结肠切除术,盆腔
呋塞米,右肾
神经节苷酯,头
卵巢去势手术,肝脏
左甲状腺癌根治术,右甲状腺
世福素,腹
重组甘精胰岛素注射液（长秀霖笔芯）,两眼
盆腔淋巴结清扫术,阴道
头孢,脑
胃肠吻合术,十二指肠球部
多索茶碱,胸
广泛子宫+双附件切除+盆腔淋巴结清扫+左输尿管双j管放置术,宫旁
直肠癌根治术（DIXON,肠
安素泰,胸
腹腔镜上直肠癌根治术,直肠
胆囊切除术,胰腺
宫颈癌根治术+两侧卵巢切除术,阴道穹窿
安达,右上腹
直肠癌前切术,肠系膜淋巴结
氯比格雷,胸
胃空肠吻合+空肠侧侧吻合术,近端胃腔
阿司匹林,头
天晴甘美,腹
奥美拉唑,下腹
腹腔镜上扩大根治性左半结肠切除术,十二指肠
维康达,胃窦
舒普深,脑
宫腔镜上子宫粘膜上肿物切除术,宫颈
甲泼尼龙,肺穿
阿托伐他汀,左侧基底节区
机器人辅助上三切口食管癌根治术,两侧气管食管沟小淋巴结
多西他赛,肺
姑息性胰十二指肠切除术,十二指肠
彩超引导下左腹膜后肿物超声引导穿刺术,左腰背部
肝门部胆管癌手术,皮肤
速效救心丸,胸腹部
奥沙利铂,卵巢
剖腹探查术+远端胃癌根治术（ROUX-EN-Y吻合）,胃
宫颈癌根治术+两侧卵巢切除术,宫颈管
腹腔镜上直肠癌根治术MILES,子宫
直肠腹会阴联合切除,肠
子宫动脉栓塞,输卵管
格列齐特,手足
乙状结肠癌切除术、远端闭锁、近端造瘘术,腹
单硝酸异山梨酯,头
速尿,心
TACE术,左下腹
右侧胸腔引流术,头颈部
丹参,耳
乐喜林,胸
二甲双胍,心
介入术,腹
痰热清,鼻
拜阿司匹林,肺
地塞米松,贲门左(3/3)、 胃小弯(8/9)、幽门上（2/2)淋巴结
沐舒坦,左基底节区
紫杉醇,右上上肺
疏血通,左肺下叶
胸腔闭式引流术,胸腔
伊立替康,左肺门淋巴结
腹腔镜上盆腔粘连分离术、右侧输卵管切除术、左侧卵巢囊肿剥除术、腹膜病灶活检术,右输卵管
宫颈活检术,腹
拜阿司匹林,胃
食管癌切除、胃食管弓下吻合术,胸背
右侧腮腺肿物及腮腺浅叶切除术,右腮腺
雷尼替丁,腹
腹腔镜上根治性全胃切除术ROUX-EN-YD2R0,肝总动脉
培美曲赛,腹
横结肠造瘘术,腹
胃癌根治术,胃窦部大弯侧
疏血通,两侧胸腔
盐酸羟考酮缓释片,头
肠镜上息肉切除术,肠
吉西他滨,骨
腹腔镜辅助直肠癌低位前切除，末段回肠预防性造口联合右侧卵巢切除术,直肠
洛赛克, 胃体
顺铂,腹腔
气管切开,鼻
胸椎肿瘤后路切除+内固定术,双下肢
食管-胃底手工吻合,颈部
全子宫切除+盆腔淋巴结清扫术,宫颈
宫颈锥切术,阴道
根治性左半结肠切除术,下腹
盐酸伊立替康,腹
胰尾+脾+部分结肠切除术,下腹
奥沙利铂,肠系膜淋巴结
托烷司琼,胃窦
腹腔镜根治性远端胃大部切除术（毕I式D2R0）,空回肠
胆囊切除术,腰背部
姑息性乙状结肠切除术,腹膜
肝癌射频消融术,肝脏
泰能,大肠
IFP,腹主动脉
甘露醇,头
替吉奥胶囊,胃
呋塞米,胃小弯
脑络通胶囊,心
氨氯地平,肺部
奥美拉唑,胃窦壁
早期食管癌（癌前病变）内镜上切除术,食管
卵巢癌细胞减灭术,直肠
小肠癌根治术,腹腔
奥曲肽,胰头钩突部
直肠癌LAR术,两肺
爱必妥,左面
氨溴索,关节
消渴丸降糖,手足
腹腔镜上根治性全胃切除术ROUX-EN-YD2R0,腹
子宫切除+两附件切除+DIXON术+大网膜切除术开腹恶性肿瘤特殊治疗术,腹
头孢米诺钠,胃
硝酸甘油,胸
腹腔镜辅助右半结肠根治性切除术、胃部分切除术,腹
直肠癌根治术,腰骶部
食管癌根治术,胸部
经皮经肝胆道支架置入术及外引流术,肝
胃癌姑息切除术,腹
卡马西,左侧腋窝静脉
艾素,心
根治性远端胃大部切除术,腹
单硝酸异山梨酯缓释片,右室后壁
泮托拉唑,脾
磷酸肌酸,双下肢
腹腔镜辅助上根治性全胃切除术,肝脏
ROUX-Y吻合,肝
柰达铂,上腹
腹腔镜上根治性全胃切除术ROUX-EN-YD2R0,胃体
伊立替康,腹
门冬氨酸鸟氨酸,脾
胃必治,腹
莫西沙星,气管
速效救心丸,左肩背部
顺铂,胸
拜阿司匹林,头
B-II重建,胃大体
左亚叶酸钙,右肺
右半结肠切除术,肠壁全层
腹腔镜上左半结肠根治性切除术,升结肠
泰勒宁,上肢
希罗达,骨
广泛性子宫切除、两侧输卵管卵巢切除及盆腔淋巴结清扫术,全子宫
胃癌切除术,第1组淋巴结
希罗达,乳房皮肤
右上肢动脉造影+右上肢动脉置管溶栓术,右股浅动脉远端
白介素,双下肢
剖腹探查＋大网膜活检术+子宫下段剖宫产术,腹盆腔
胆囊造瘘术,腹
赫赛丁,左前纵隔淋巴结
经腹广泛性子宫+两附件切除术+盆腔淋巴结清扫术,两侧卵巢白体
单硝酸异山梨酯缓释片,二尖瓣
熊去氧胆酸胶囊,两上肢
右肺下叶切除术,淋巴结
洛赛克,右侧下上肢
膜固斯达,腹
直肠癌DIXON手术,肠
舒普深,两侧胸腔
左侧上肢动脉造影+球囊扩张术,腓动脉
子宫动脉造影术及子宫动脉栓塞术及利凡诺羊膜腔穿刺引产术,头
替加氟,肝脏
艾司奥美拉唑镁肠溶片,心前区
头孢米诺钠,肝
希罗达,肝
右乳癌改良根治术,右乳房
布地奈德,腹
根治性左半结肠切除+区域淋巴结清扫术,管腔
腹腔镜转开腹，姑息性腹膜后肿瘤切除+胆囊切除,颈部
阿司匹林肠溶片,剑突
胰十二指肠切除术,空肠
溴己新,下腹部
拉西地平,头
腹腔镜上左半结肠根治性切除术,回肠
阿托伐他汀,冠状动脉
胃癌姑息切除术,盆底
泰勒宁,后背
腹腔镜辅助上根治性全胃切除术,胆囊
全麻上剖腹探查、左半结肠切除术,腹腔
络活喜,胸
阑尾切除术,大网膜
普美显,胰腺
异丙托溴铵,肺部
扩大右半肝切除术,肝
腹腔镜上扩大根治性左半结肠切除术,结肠肝曲
甘露醇,胃
右半结肠根治术,右上腹
内镜上切除术,心
腹腔镜上根治性直肠癌切除术+回肠造瘘术,小肠
腹腔镜上广泛子宫切除,阴道壁
替吉奥,肝脏
艾奕,胃
PTX,肝脏
神经节苷酯,胃
雷贝拉唑,下腹部
肝门部胆管癌切除术,左肝门
胰十二指肠切除术,肝脏
经腹III型全子宫切除+两侧附件切除+两侧盆腔淋巴结清扫+腹主动脉旁淋巴结切除术,右附件
腹腔镜上根治性直肠癌切除术+回肠造瘘术,腹
可定,头
沐舒坦,头
乌拉地尔,胃
两侧输卵管结扎术,肠管
头痛粉,面
高糖,肢体
右乳包块活检术,乳头
奥沙利铂,胃
姑息性左半结肠切除术,盲肠
阿奇霉素,间隔
气管切开,左侧大脑半球
甲泼尼龙,胸部
腹腔镜上腹腔探查术+中转开腹+术中冰冻活检+乙状结肠癌根治术+小肠部分切除术、肠吻合术,肠
全麻上前列腺癌根治术,两侧精囊腺
长春胺缓释胶囊,头
5-FU,肝动脉
食管癌根治术,左胸部
溴己新,腹
剖腹探查术,下腹
奥沙利铂,7、8、9组淋巴结
希罗达,左前纵隔
冸托拉唑,腹
卡铂,下腔静脉
沐舒坦,两侧胸腔
吃美林,间隔
哌拉西林他佐巴坦针,肺部
来得时,头
5FU,肝动脉
B超引导上腹腔穿刺置管引流,胃空肠
依替米星,腹
拓喜,膈动脉
胃癌根治术+肝转移切除,胃角
腹腔镜上腹腔探查术+中转开腹+术中冰冻活检+乙状结肠癌根治术+小肠部分切除术、肠吻合术,小肠
右侧腋窝肿块切除术,右侧腋窝
哌拉西林他佐巴坦针,肺穿
剖腹探查术+胃空肠吻合术,胃
乙状结肠单腔造口，远端封闭,腹膜反折
胸椎肿瘤后路切除+内固定术,胸椎
右肾切除术,胆囊
广泛子宫+双附件切除+盆腔淋巴结清扫+左输尿管双j管放置术,宫体
冠脉搭桥手术及射频消融术,胸
他莫昔芬,乳腺
甘露醇, 胃体
恩替卡韦分散片,腹
伊立替康,胃
顺铂,肝脏
抽脂手术,腹部
感冒清胶囊,上肢
内镜上结肠息肉电切术,腹
胃癌姑息切除术,横结肠
部分小肠切除术,肠
阿托伐他汀钙,室间隔
DIXON术,肠腔
气管插管,头
施慧达,心
腹腔镜上根治性全胃切除术,幽门上淋巴结
胃癌根治术, 胃体
艾恒,骨髓
黄体酮,阴道
扩大左半结肠切除术,胃
胰十二指肠切除术,胰头钩突部
低分子肝素钙,气管
盆腔淋巴结清扫术,颈管
植入支架,剑突上
左亚叶酸钙,腹
安素泰,腹膜后多发淋巴结
甘利欣,肝
胃癌姑息性切除术（远端胃大部切除+毕I式吻合）,7、8、9组淋巴结
替吉奥,骨髓
保留生育功能分期手术（患者附件切除+患侧盆腔淋巴结清扫+腹主动脉旁淋巴结清扫或活检+大网膜切除+阑尾切除）,右侧卵巢
RFA,肝右叶
替普瑞酮,腹
全胃+D2,腹
顺铂,腰
卡培他滨,骶椎骨
美托洛尔缓释片,心
华法林,胸骨
左半结肠切除术,十二指肠
螺内酯,胃小弯
洛铂,胃
姑息性左半结肠切除术,十二指肠
低分子肝素钙,头
右半结肠切除术术,腹
全子宫+两附件切除+腹盆腔粘连松解术,右输卵管
胃空肠吻合+空肠侧侧吻合术,十二指肠第1段
低分子肝素钙,左侧大脑半球
甘露醇,腹
腹腔镜辅助上根治性全胃切除术,盆腔
头孢美唑钠,静脉
右半结肠切除术,肛门
神经节甘酯,血糖
卡络磺钠,腹
胃癌根治术,脾门
姑息性乙状结肠切除术,乙状结肠
维生素,双侧锁骨
腹腔镜上直肠部分切除术,胃
头孢克肟,胸前区
奥沙利铂,胃窦
氟伐他汀钠缓释片,两肺
左后外侧开胸，食管下段癌切除，食管胃弓下吻合术,门齿
腹腔镜上胃体间质瘤切除术,腹
善龙,膀胱前壁
中人氟安,肠
胰十二指肠切除+左肝部分切除,胰腺
维三联+PPI,胃底
远端胃切除,胃
胃癌姑息性切除术,十二指肠韧带
肠镜上结肠直肠多发性息肉氩气刀治疗术,肝左叶
福辛普利片,背部
舒普深,消化道
单硝酸异山梨酯缓释片,右房
乙状结肠癌根治术,上腹
胸腔镜上全胸段食管切除+食管-胃底右颈部吻合术,(下段食管旁)淋巴结
胃炎颗粒,剑突
部分小肠切除术,颅
阿奇霉素,腹
超液化碘油,腹腔动脉
乙状结肠切除术,中间淋巴结
胆囊摘除术,头
厄贝沙坦氢氯噻嗪,右上肺
胎盘多肽,气管
横结肠造口术,大网膜
异丙嗪,胃部
罗格列酮,心
两侧椎动脉+左侧肾动脉狭窄处支架置入术,脑室体
低分子肝素钙,右侧肢体
里葆多,心
腹腔镜上腹腔探查术+中转开腹+术中冰冻活检+乙状结肠癌根治术+小肠部分切除术、肠吻合术,乙状结肠系膜间及根部
甲硝唑,左上腹
希罗达,淋巴结
二甲两胍缓释片,头
麝香保心丸,剑突
全膀胱切除根治术+回肠导管术,左闭孔淋巴结
羟考酮,骶椎骨
两附件切除+腹盆腔淋巴结清扫,输卵管
拓喜,腹腔干
肝癌切除+胆囊切除+胆管旁淋巴结切除术,胆管旁淋巴结
沐舒坦,两肺上叶
山莨菪碱,中下腹
雷替曲塞,肠
低分子肝素钙,肺
XELODA,腹
厄贝沙坦,三尖瓣
肠镜上结肠直肠多发性息肉氩气刀治疗术,两肺底
奈达铂,鼻咽
内镜上息肉切除术,中下腹部
阿托伐他汀钙,右室后壁
兰索拉唑,右侧肩背部
全麻上宫颈癌根治术（保留神经III型广泛子宫切除术+两侧附件切除术+盆腔淋巴结清扫术）,阴道
阴道镜检查+宫颈活检,宫颈3、6、9、11点
胃癌根治术,贲门左(3/3)、 胃小弯(8/9)、幽门上（2/2)淋巴结
卡培他滨,头
甲强龙,胃
施慧达,上肢
螺内酯,胸
翻身三切口食管下段癌切除+食管-胃底右颈部吻合+第6后肋内固定+空肠造瘘术,(贲门旁)淋巴结
还原型谷胱甘肽,肝
单硝酸异山梨酯,心
腹腔镜上直肠根治术（DIXON手术）中转开腹+膀胱病损修补术,腹腔
腹腔镜中转-根治性全胃切除术,腹
古拉定,腹
奥沙利铂,脑
希罗达,心
胆囊切除术,肝内外胆管
剖腹探查术,小肠
子宫动脉造影术及子宫动脉栓塞术及利凡诺羊膜腔穿刺引产术,心
腹腔镜上左半结肠根治性切除术,空肠
厄贝沙坦氢氯噻嗪,肺部
爱斯万,胃窦部
毕-II式吻合,下腹部
羟基脲,胸
格列卫,胃
胃炎颗粒,心
经腹广泛子宫+两附件切除+盆腔淋巴清扫术,右髂血管淋巴结
剖腹探查、左肝肿瘤切除、胆囊切除、左肝结节射频消融术,胸
腹腔镜DIXON,肠
颅骨钻孔血肿抽吸术,气管
羟基脲,头
腹腔镜上姑息性直肠癌切除术（HARTMANN）+乙状结肠造瘘术,腹腔
右乳包块活检术,乳房皮肤
二甲两胍,手足
5-FU,盆腔
洛铂,腹
甲泼尼龙,右下肺
乙状结肠癌根治术,腹
广泛性子宫切除、两侧输卵管卵巢切除及盆腔淋巴结清扫术,颈管
剖腹探查+腹腔粘连松解+肠间脓肿引流+升结肠肿瘤切除+末段小肠造口术,肠
元胡止痛片,腹
阿司匹林,背部
希罗达,乳房
神经节苷酯,两侧胸腔
腹腔镜上左半结肠姑息性切除术,盆腔内
奥铂,肝左叶
胰十二指肠切除术,中下腹
腹腔镜上根治性全胃切除术ROUX-EN-YD2R0,胃右动脉
异丙托溴铵,右下肺
全胃切除术+淋巴结清扫术,下腹部
结肠多发息肉镜上切除,后背
北华素,两脚底
胃癌姑息性切除术（远端胃大部切除+毕I式吻合）,胃
络活喜,头
奥沙利铂,回肠
剖腹探查术,回肠
右侧股股浅动脉闭塞旁路术,血管
腹腔镜上胃体间质瘤切除术,胃
甘露醇,心
腹腔镜上胃癌根治术（BILLROTHS II式）,胃壁
DXM,腹主动脉
右肺下叶切除术,门齿
胸腔镜上全胸段食管切除+食管-胃底右颈部吻合术,(颈段食管旁)淋巴结
腹腔镜辅助远端胃癌根治术,胃
贝伐,肝
速效救心丸,胸骨后
舒普深,左基底节区
硝酸甘油片,头
爱斯万,纵隔
直肠癌MILES术,盆腔
爱斯万,盆腔
环磷腺苷葡胺,头
盐酸曲马多,胸
亚叶酸钙,肠
卡培他滨,肠
经左胸三切口食管下段癌切除+食管胃底左颈部吻合+左侧第5肋骨固定术,奇静脉弓
右半结肠切除术,降结肠近脾曲
鼻息肉切除术,鼻咽
恩度,腹
腹腔镜上右肝肿物切除术+胆囊切除术,下腹部
异丙托溴铵,头
依替米星,两上肢
奈达铂,骨髓
空回肠侧侧吻合+横结肠造口术,盆腔
希罗达,腹膜后多发淋巴结
FDG,下腹
两侧输卵管结扎术,两侧卵巢
左侧股动脉穿刺,血管
丹参,心
右前臂动静脉内瘘成形术及左颈内静脉置管术,心
伊玛替尼,下肢
乙状结肠息肉电切术,腹
经腹广泛性子宫+两附件切除术+盆腔淋巴结清扫术,两侧输卵管
左半结肠切除术,回盲部
顺铂,腰背部
头孢唑啉,腹
胆囊切除+胆总管切口取石术+T管引流术,肝
小肠癌根治术,大网膜
远端胃大部切除+ROUX-EN-Y重建,下腹部
舒普深,两肺上叶
氟尿嘧啶,肝
安达,中下腹
安维汀,上腹部
腹腔镜上直肠癌姑息性切除术DIXON,直肠
腹腔镜上右卵巢囊肿剥除术+盆腔粘连松解术,右卵巢
胃炎颗粒,胸
气管插管,左基底节区
肛泰栓,肛门
ＴＨＰ,肝左叶
VP-16,腹主动脉
IFP,髂总血管
希罗达,肛门
头孢美唑钠,上腹
伊立替康,肝
左肝后叶癌切除术,腹
广泛全子宫两附件切除术+盆腔淋巴结清扫术+阔韧带肌瘤剥除术+阴道顶悬吊术,左侧阔韧带
腹腔镜上左半结肠根治性切除术,结肠
乙状结肠部分切除+乙状结肠单腔造瘘术,腹
艾奕,腹
5-FU,大弯
替吉奥,脑
气管插管,心包
剖腹探查术+姑息性降结肠肿瘤切除术+降结远端封闭、近端造口术,肠
肝中叶切除+胆囊切除术,肝S5-8
西沙必利,腹
腹腔镜上左半结肠根治性切除术,腹腔
肝介入治疗（TAI）,胃
奥沙利铂,肛门
甲强龙,腹
疏血通,头
紫杉醇脂质体,胰头
谷胱甘肽,腰
腹腔镜直肠癌根治术,肠周淋巴结
阿卡波糖,肢体
奥沙利铂,腹
盐酸伊立替康注射液,肝
替吉奥胶囊(艾奕),腹
右旋氨氯地平片（施慧达）,心
右侧上肢动脉PTA+STENT+右上肢动脉置管溶栓术,血管
惠尔血,肝
胃空肠吻合+空肠侧侧吻合术,腹
胃空肠吻合术,下腹
乙状结肠癌根治术,直肠
彩超引导下左腹膜后肿物超声引导穿刺术,左下腹
DXM,右中上腹小肠
DXM,肠
腹腔镜上广泛性子宫切除术+两侧附件切除+盆腔淋巴结清扫术+盆腔粘连松解术,骶韧带
姑息性胰十二指肠切除术,胃
吗丁啉,骨髓
倍他司汀,头
克拉霉素,鼻
维生素,双侧腋窝
阿卡波糖,四肢
腹腔镜子宫内膜癌分期术,右侧髂总髂外
藿香正气液,腹
右前臂动静脉内瘘成形术,头
特罗凯,面部
左半结肠癌根治术,阑尾
左半结肠切除术+有附件切除术,左附件
大网膜切除+胃空肠吻合术+回肠-横结肠吻合术,肝
厄贝沙坦,上肢
麝香保心丸,眼
颅骨钻孔血肿抽吸术,颅
乙状结肠切除+右肾下腺切除术,乙状结肠
肝门部胆管癌手术,心
奥沙利铂,右侧腹
左肝后叶癌切除术,左肝后叶S6、S7段
胃癌根治术(全胃）,胃
胃癌根治术,腹壁
腹腔镜上根治性远端胃大部切除术,盆腔
拓喜,肝左叶
腹腔镜辅助胃癌根治术,胃大体
门冬胰岛素,头
XELODA,胸
替吉奥 ,肝门淋巴结
表阿霉素,左下腹
姑息性胰十二指肠切除术,横结肠
伊立替康,纵隔淋巴结
腹腔镜上左半结肠切除术,肠系膜根部
腹腔镜根治性远端胃大部切除术（毕I式D2R0）,腹
泽菲,胃
胃癌根治术,小弯侧大弯侧淋巴结
北华素,腹
剖腹探查、根治性全胃切除术、食管-空肠ROUX-EN-Y吻合术,胃大、小弯淋巴结
顺铂,左肺门淋巴结
舒普深,左肺下叶
XELODA,腹腔干
地塞米松, 胃体
乙状结肠癌根治术,乙状结肠
鼻息肉切除术,鼻
腹腔镜上右卵巢囊肿剥除术+盆腔粘连松解术,子宫
地塞米松,双肺
冠脉搭桥手术及射频消融术,心
根治性远端胃大部切除术,腹腔
强力枇杷露,左肾下极
胆囊切除术,下腹部
广泛性子宫切除、两侧输卵管卵巢切除及盆腔淋巴结清扫术,阴道
胸腔穿刺,左侧颈部
左颈内静脉置管术,心
腹腔镜肝囊肿开窗引流术,左侧肢体
息肉切除术,腹
顺铂,淋巴结
伊立替康,腹腔
舒利迭,心前区
替普瑞酮,胃
姑息性乙状结肠切除术,腹壁
螺内酯,左侧肾下腺
内镜上胆管支架置入术,巩膜
奥沙利铂,背部
头孢地尼,胸
腹腔粘连松解术+部分大网膜切除术+广泛全子宫+两侧卵巢移位术+盆腔淋巴结清扫术,阴道
华法林,右肺上叶
异丙托溴铵,肺门
奥美拉唑,腹
洛赛克,贲门左(3/3)、 胃小弯(8/9)、幽门上（2/2)淋巴结
腹腔镜上胃体间质瘤切除术,空回肠
力比泰针,胃
头孢美唑钠,胃
内镜上黏膜切除术,肛门
胰头肿物切除、肝肿物切除、小肠憩室切除、胰肠吻合、空肠造瘘术,下腹
培美曲塞,浅表淋巴结
宫颈癌根治术+两侧附件切除术+盆腔淋巴结清扫术,宫颈
新癀片,腹
支架植入术,回旋支
恩替卡韦分散片,两上肢
替吉奥,胃窦
开腹子宫内膜癌分期手术+大网膜切除术,两侧漏斗韧带
腹腔镜上根治性全胃切除术ROUX-EN-YD2R0,空回肠
腹腔镜上直肠癌根治术DIXON”,腹
胆囊摘除术,两肺上叶
右半结肠切除术,腹
金芪降糖片,腹
姑息性胰十二指肠切除术,肠
C225,肝
紫杉醇,头
艾奕,阴道
甘利欣,脾
多西他赛,静脉
腹腔镜乙状结肠切除+肠粘连松解,肠
甲硝唑,消化道
腹腔镜辅助右半结肠根治性切除术、胃部分切除术,肾脏
卡培他滨片,肝
螺内酯,左肾下极
亚叶酸,肝
右乳包块活检术,乳房
腹腔镜上直肠癌根治术（DIXON）+末端回肠造口术,肠壁淋巴结
胆囊切除＋胆总管探查＋Ｔ管引流术,肝
5FU,胃右动脉
经腹会阴直肠癌根治术,LN
肝癌切除术+胆囊切除术,盆底
替吉奥胶囊,咽
胃癌姑息切除术（远端胃大切）,肝脏
右侧上肢动脉PTA+STENT+右上肢动脉置管溶栓术,右足
腹腔镜直肠癌根治切除术,淋巴结
腹腔镜下全子宫切除术+双侧输卵管-卵巢切除术+阴道顶悬吊术+盆腔粘连松解术,腹
剖腹探查术+胃空肠吻合术,胰
右侧腮腺肿物及腮腺浅叶切除术,鼻咽
腹腔镜上左半结肠切除术,腹腔
气管插管,左侧大脑半球
氯沙坦钾,头
美托洛尔缓释片,胸
剖腹探查术,十二指肠
右大腿截肢右膝肿物切除及右腹股沟淋巴结清扫术,右侧髂血管
胃肠吻合术,横结肠
胰岛素,两上肢
胰岛素,腹
强力枇杷露,胃窦腔
泽菲,胃肠道
奈达铂,肝
胸腔镜上全胸段食管切除+食管-胃底右颈部吻合术,(右喉返喉返神经旁)淋巴结
腹腔镜上直肠癌根治术（DIXON）+末端回肠造口术,肠
肿瘤细胞减灭术,静脉
格列卫,回肠
植入支架,左冠近中段
来得时,心
螺内酯,头
行乐沙定,淋巴结
胃炎颗粒,头
大网膜切除+胃空肠吻合术+回肠-横结肠吻合术,升结肠
右肾下腺巨大肿瘤切除+右肾切除+肠粘连松解术,肾
银丹心泰滴丸,胸
腹腔镜上扩大根治性左半结肠癌切除,腹腔
右半结肠切除术,心
速尿,下腹部
胆囊切除术,腹膜后
复杂粘连松解、胆总管切开取石、胆道镜探查、T管引流术,脾
胆囊切除术,胸
硫酸镁,阴道
腹腔镜上直肠癌根治术DIXON,盆底
全子宫+右附件切除+直肠切除术,腹
左半结肠切除术,十二指肠降部
胃癌根治术（近端胃大切，食管胃吻合）,腹
结肠肝区癌切除术,肠管
支架植入术,前降支
胃大部切除后行毕II式吻合,十二指肠韧带
拓喜,腹腔动脉
痰热清,双肺
甲泼尼龙,肺部
胸腔镜上全胸段食管切除+食管-胃底右颈部吻合术,(隆突上)淋巴结
乌拉地尔,心
广泛全子宫两附件切除术+盆腔淋巴结清扫术+阔韧带肌瘤剥除术+阴道顶悬吊术,子宫
腹腔镜上根治性右半结肠切除术,肠
开腹探查、直肠癌HARTMANN切除术, 肠
泰素,肝
柰达铂,静脉
肠镜上腺瘤电切术,肛门
美托洛尔片,心
腹腔镜探查,膈肌
肠息肉内镜上切除术,头
腹腔镜直肠癌根治切除术,肛门
银丹心泰滴丸,心
血塞通,头
头孢唑肟钠,大肠
奥沙利铂,右输卵管
经腹广泛性子宫+两附件切除术+盆腔淋巴结清扫术,左闭孔淋巴结
内镜上胃多发息肉切除,胃
翻身三切口食管下段癌切除+食管-胃底右颈部吻合+第6后肋内固定+空肠造瘘术,(胃大弯)淋巴结
乌拉地尔,胸
艾素,贲门左(3/3)、 胃小弯(8/9)、幽门上（2/2)淋巴结
腹主动脉旁淋巴结取样术,宫颈
甲强龙,胸
古拉定,胃
腹腔镜上广泛性子宫切除术+两侧附件切除+盆腔淋巴结清扫术+盆腔粘连松解术,宫
艾素,肝门区
环磷腺苷葡胺,心
全子宫切除术+两侧附件切除术+肿瘤细胞减灭术+骶韧带悬吊术+大网膜肿物切除术,宫颈
右半结肠根治性切除术,管腔
可定,舌
扩大右半肝切除术,S4
和爽,腹
心痛定,舌
气管切开,脑
地塞米松,右侧下上肢
开腹子宫内膜癌分期手术+大网膜切除术,宫颈内口
全麻上直肠肿瘤切除术,肝脏
艾恒,胃
伯尔定,四肢
厄贝沙坦,心
格列卫,腹
螺内酯,腹腔
结肠肝区癌切除术,肠周
剖宫产术,右侧卵巢
肝中叶切除+胆囊切除术,肝
腹腔镜上根治性全胃切除术ROUX-EN-YD2R0,膀胱
姑息性胰十二指肠切除术,胰腺
肝肿瘤射频消融,左肝
普美显,肝IV、VIII段交界处及右叶II段
奥美拉唑,胃
伊立体替康,肝
DIXON术,肠
胸腔镜上全胸段食管切除+食管-胃底右颈部吻合术,(左喉返喉返神经旁)淋巴结
元胡止痛片,胃
VP-16,右中上腹小肠
比索洛尔,左前降支中段
氨氯地平,胸腔
肠镜上息肉切除术,膈
腹腔镜上根治性全胃切除术,小弯淋巴结
氨溴索,胸前区
5-FU,门静脉
剖宫产术,腹
广泛全子宫切除+两侧附件切除+盆腔淋巴结清扫+腹主动脉旁淋巴结活检术,两侧附件
直肠前切除术,肠
肝左叶肝癌切除+胆囊切除术,肝
始希罗达,左侧臀肌
顺铂,门齿
小肠造口还纳术,腹
吗丁啉,下腹
山莨菪碱,食管粘膜
右侧髂静脉球囊扩张成形术,右上肢静脉
可达龙,心肌
右半结肠切除术,肠
奈达铂,腹腔
善龙,肝左叶
姑息性左半结肠切除术,腹
托烷司琼,胃
美托洛尔片,胸
“DIXON'S”术,肠
古拉定,肝
结肠癌根治术,，肠系膜上动脉
空肠空肠Ｂｒａｕｎ吻合,胃大体
还原型谷胱甘肽,腹
远端胃癌D2根治术（毕I式）,腹
腹腔镜上直肠癌根治术,肠
奥曲肽,下腹
血脂康,子宫
左半结肠切除术,下腹痛
替吉奥,胰头
单硝酸异山梨酯缓释片,三尖瓣
福辛普利片,肢体
SP,肝门淋巴结
维生素,胃
门冬胰岛素,两眼
胰岛素,胃
PTX,右侧竖脊肌
曲美布汀,腹
单硝酸异山梨酯,眼
DIXON'S+肠粘连松解术,肝
速效救心丸,头
紫杉醇脂质体,胃窦
联苯两脂,肝
乙状结肠癌根治术,左卵巢
甲硝唑,腹腔
舒利迭,心
多柔比星脂质体,肝
腹腔镜上左半结肠姑息性切除术,腹
氨茶碱,上肢
氟尿嘧啶,肝S8 
乐息平,胃
阿拉坦五味丸,下腹部
胆囊切除术,皮上
美沙拉嗪,肛
腹腔镜上根治性远端胃大部切除术,腹腔
里葆多,胸
胎盘多肽,胸腔
全子宫+右附件切除+直肠切除术,左侧臀部
右半结肠切除术,LN
C225,直肠
胰十二指肠切除术,十二指肠乳头部
伽马刀,右侧颈部淋巴结
氨溴索,右下肺
爱斯万,左肺门
右侧上肢动脉PTA+STENT术,血管
III型全子宫及及两附件两附件切除及盆腔淋巴结清扫术及腹主动脉旁淋巴结活检术,阴道
腹腔镜辅助上根治性远端胃大部切除术,下腹部
艾素,胃
舒利迭,胸
爱斯万,肠
胃癌切除术,胰腺
直肠癌根治术,直肠下动脉
希罗达 ,两手
腹膜后肿块穿刺活检术,左腰背部
姑息性乙状结肠癌切除术,盆底
肝癌＋胆囊切除,血管
肠镜上结肠直肠多发性息肉氩气刀治疗术,腹
胰体尾切除+空肠近端切除+脾切除+结肠脾区切除+ROUX-EN-Y吻合术,右下腹
胆囊造瘘术,腹腔
替加氟,肺
替普瑞酮,骨髓
苯磺酸氨氯地平片,剑突
安达,胸
结肠多发息肉镜上切除,胃
根治性远端胃大部切除＋毕Ｉ式吻合术,小弯侧胃
胸腔闭式引流术,胸
普美显,肝左前叶
索拉菲尼（多吉美）,右肩部
左肝后叶癌切除术,肝脏
奥美拉唑,肠壁
彩超引导下左腹膜后肿物超声引导穿刺术,脾
胃空肠吻合+空肠侧侧吻合术,胃
丹参滴丸,胃
和爽,胃
直肠癌经腹、会阴联合切除术（MILES术），右侧腹壁永久造瘘,直肠
奥曲肽,胰头部
多西他赛,腹
赫赛丁,左下气管
兰索拉唑,头
腹腔镜上扩大根治性左半结肠癌切除,肝脏
奥曲肽,胰腺
胰头肿物切除、肝肿物切除、小肠憩室切除、胰肠吻合、空肠造瘘术,乳头
泰欣生,盆腔
艾恒,腹
溴己新,右侧肾下腺
全麻上前列腺癌根治术,前列腺
乙状结肠造瘘,膀胱
空肠造瘘术,脾
开塞露,肠腔
左侧卵巢癌手术，两侧附件及子宫切除,腹膜后淋巴结
开腹探查+全宫两附件大网膜切除+肿瘤细胞减灭术,下腔静脉
强力枇杷露,右侧肾下腺
头孢美唑钠,肝
氟尿嘧啶,腹
施维舒,腹
气管切开,两侧胸腔
培美曲赛,双下肢
丹参滴丸,冠状动脉
卡培他滨,右侧腹
腹腔镜上直肠癌根治术（MILES）+放射性粒子植入术,肠壁淋巴结
维三联+PPI,胃体
希罗达,右侧竖脊肌
胃大部切除术,胃
泰勒宁,臀
头痛粉,颜面
西斯他丁钠粉针,大肠
甘露醇,贲门左(3/3)、 胃小弯(8/9)、幽门上（2/2)淋巴结
剖腹探查,腹膜反折
安斯菲,腹
艾奕,肝
胃癌根治术,胃窦
经腹广泛性子宫+两附件切除术+盆腔淋巴结清扫术,子宫
泮托拉唑,胆囊壁
神经节苷酯,右侧肢体
ＴＨＰ,腹腔干
右乳肿块切除术,右乳
长春新碱,肝
诊断性刮宫,宫颈
两侧输卵管结扎术,左侧阔韧带
洛铂,脐
伯尔定,骨
椎间盘切除+植骨cage植入+钢板内固定术,四肢
腹腔镜上直肠癌根治术DIXON,腹腔
腹腔镜根治性远端胃大部切除术（毕I式D2R0）,腹腔动脉
胎盘多肽,胸膜
肠镜上息肉切除术,腹部
腹腔镜上横结肠癌根治性切除术,横结肠中段偏左
奥沙利铂,肝
乙状结肠造瘘,乙状结肠
多索茶碱,上肢
左半结肠切除术,升结肠
左旋氨氯地平片,头
肿瘤细胞减灭术（全子宫+两附件切除术+大网膜切除术+DIXON术+回盲部切除术）,左侧卵巢
维生素,腹
艾恒,腹腔
FDG,左肺
超液化碘油,腹腔干
息肉切除术,胃
贲门癌根治性近端胃切除+胃食管膈上吻合术,贲门
左亚叶酸钙,盆腔淋巴结
普美显,脾脏
神经节苷酯,气管
低分子肝素钙,左基底节区
横结肠造口术,腹膜
依替米星,心
经腹根治性远端胃大部切除、胃-空肠roux-en-y吻合、胆囊切除术,胃小弯（1/4)及胃大弯（3/4）淋巴结
强力枇杷露,下腹部
神经节苷酯,心包
顺铂,盆腔
5-FU,肠系膜淋巴结
美托洛尔片,剑突
脂质体紫杉醇,腹膜后淋巴结
左半结肠切除+WIPPLE术,胰腺
替吉奥,胃
乙状结肠癌根治术,肠旁淋巴结
乙状结肠切除术,结直肠
泰素,胃
培哚普利,胸
S-1,腹腔
子宫,两附件
贝伐珠单抗,胸
多索茶碱,肺部
右半结肠切除术术,中央淋巴结
雷诺得,肺
美托洛尔片,头
经腹广泛子宫+两附件切除+盆腔淋巴清扫术,宫
奥硝唑氯化钠,大肠
脑络通胶囊,舌头
谷胱甘肽,肝
直肠癌低位前切除术,肝脏
阿司匹林肠溶片,胸
全子宫+右附件切除+直肠切除术,卵巢
肝癌＋胆囊切除,肝
广泛子宫+双附件切除+盆腔淋巴结清扫+左输尿管双j管放置术,双附件
盐酸曲马多,食管粘膜
甘利欣,胆囊壁
奥沙利铂,肠
多西他赛,盆腔淋巴结
强力枇杷露,胃窦壁
联苯两脂,肝小叶
胃癌根治术,左下腹
倍他司汀,舌
多西他赛,右侧竖脊肌
溴己新,胃窦壁
苯磺酸右旋氨氯地平,四肢
胆囊造瘘术,胆囊
广泛全子宫切除+两侧附件切除+盆腔淋巴结清扫+腹主动脉旁淋巴结活检术,腹
肿瘤细胞减灭术,大网膜
诺维本,纵隔仍有淋巴结
M-R刀,左肺
健择,胸
安达,腹部
洛赛克,头
胰十二指肠切除术,淋巴结
根治性远端胃大部切除＋毕Ｉ式吻合术,盆底
奥沙利铂,脾
低分子肝素钙,左肺下叶
头痛粉,口
紫杉醇,盆腔
空肠切除术,盆腔
氟尿嘧啶,胃
消炎利胆片,腹
经腹腹膜外子宫切除+两附件切除+全盆腹膜切除+盆腔淋巴结清扫+腹主动脉旁淋巴结清扫+阑尾切除术,右侧输卵管粘膜
胃癌根治术,腹膜
乙状结肠癌切除术、远端闭锁、近端造瘘术,乙状结肠
直肠癌根治术,腹
行乐沙定,门腔间隙
贲门癌根治术,腹
美托洛尔,胸
宫炎平片,阴道
硝酸甘油片,剑突
卡培他滨片,腹
奥沙利铂,右肺
胆囊切除、左半肝切除术,肝
肝介入治疗（TAI）,肝
螺内酯,肠壁
速效救心丸,背部
血凝酶,心
蒙脱石散,剑突上
全胃切除，空肠J字代胃术,腹
腹腔粘连松解术+部分大网膜切除术+广泛全子宫+两侧卵巢移位术+盆腔淋巴结清扫术,子宫
奥沙利铂,结肠
直肠前切除术,直肠
左半结肠切除+淋巴结清扫术,肠周查见淋巴结
腹腔镜中转-根治性全胃切除术,胰体尾
奥沙利铂,胃部
阿司匹林肠溶片,心
阿奇霉素,关节
胰十二指肠切除术,胰腺
奈达铂,腹
腹腔镜上乙状结肠切除术,胃
“DIXON'S”术,结直肠
头孢唑啉,双肺
顺铂,肝
多西他赛,右肺
环磷酰胺,肝
阿司匹林肠溶片,头
肝动脉TACE术,肝
头孢噻肟,间隔
直肠癌前切术,腹膜
剖腹探查+乙状结肠肿瘤根治术+放射性粒子置入,肠壁淋巴结
TACE,肝
艾素,门腔间隙
类克,中下腹
根治性全胃切除术（食道空肠ROUX-Y吻合、D2、R0）,心
腹腔镜上左半结肠根治性切除术,肝
炎琥宁,双肺
腹腔镜上腹膜活检术+右侧卵巢切除术,右卵巢
美林,腹
右侧上肢动脉PTA+STENT术,右足
（宫颈）中分化鳞状细胞癌,宫颈
伏格列波糖,四肢
DIXON术,肠壁
肝左后上叶肿瘤切除术,肝左后叶
罗格列酮,口
胃癌近端胃切除+食管残胃吻合+放射性粒子植入术,头
替吉奥,腹
DIXON术,中央淋巴结
泰素,腹
疏血通,脑
泰素,主动脉弓
奥沙利铂,阴道
TAMOXIFEN,腹膜后淋巴结
肠镜上结肠直肠多发性息肉氩气刀治疗术,两肾
右甲状腺癌根治术,右甲状腺
腹腔镜上直肠根治术（DIXON手术）,腹腔
忆迈林,骨髓
剖腹探查术,两卵巢
托烷司琼,腹
雷贝拉唑,胸
II广泛性全子宫两附件切除术,阴道
剖腹探查+腹腔粘连松解+肠间脓肿引流+升结肠肿瘤切除+末段小肠造口术,肠壁淋巴结
头孢呋辛,咽
左旋氨氯地平片,胸
右肺下叶切除术,食管
厄贝沙坦,胸
直肠癌根治术,左上肺
低分子肝素钙,两肺上叶
翻身三切口食管下段癌切除+食管-胃底右颈部吻合+第6后肋内固定+空肠造瘘术,(喉返旁)淋巴结
腹腔镜上左半结肠切除术,回肠末端
溴己新,肠壁
生长抑素,腹
还原型谷胱甘肽,胃
根治性左半结肠切除术,左上腹
内镜上胃息肉切除术,胃
丹参滴丸,胸
头孢地尼胶囊,肝
植入支架,胸
血凝酶,胸
复杂肝癌切除（肝中叶切除）+胆总管探查+T管引流术,第一肝门右外叶
强力枇杷露,肠壁
异舒吉,心
乐沙定,两手
碘油,肝S2、6 段
5－FU,腹腔
特罗凯,左下胸
扩大右半肝切除术,S2、3
里葆多,腹腔
乙状结肠癌切除、肝部分切除,结肠
乙状结肠癌+部分膀胱切除手术,膀胱
顺铂,纵隔淋巴结
MTX,右中上腹小肠
直肠癌切除术,肠系膜淋巴结
右乳包块活检术,胃肠道
雷替曲塞,上腹
胃癌根治术,胆
奥美拉唑,右侧肾下腺
根治性全胃切除+食管-空肠ROUX-EN-Y吻合术,肝脏
行乐沙定,腹腔干
氨氯地平,头
保留生育功能分期手术（患者附件切除+患侧盆腔淋巴结清扫+腹主动脉旁淋巴结清扫或活检+大网膜切除+阑尾切除）,腹
根治性全胃切除术,胃
伏格列波糖,肢体
奥沙利铂,下腹
直肠癌根治术,胃
广泛子宫+双附件切除+盆腔淋巴结清扫+左输尿管双j管放置术,宫
恩替卡韦分散片,心
宫颈癌根治术+两侧卵巢切除术,阴道
泰勒宁,肛
胰体尾切除+空肠近端切除+脾切除+结肠脾区切除+ROUX-EN-Y吻合术,下腹部
艾素,腹
胃大部切除后行毕II式吻合,十二指肠球部
胰十二指肠切除术,皮肤
替吉奥,胃部
沐舒坦,气管
拜阿司匹林,脑
剖腹探查术+胃空肠吻合术,胰头
S-1,右侧竖脊肌
胆道探查术,巩膜
异丙嗪,胰头
全子宫+两附件切除+腹盆腔粘连松解术,肠管
5-FU,胃右动脉
骨髓穿刺术,头
直肠癌前切术,腹
腹腔镜上腹腔探查术+中转开腹+术中冰冻活检+乙状结肠癌根治术+小肠部分切除术、肠吻合术,右侧膀胱壁
卡铂,胃
铝碳酸镁片,腹
姑息性右半结肠切除术,右下腹
顺铂,纵膈及所摄入右锁骨窝区、肝胃间隙多发肿大淋巴结
氯吡格雷,腹部
顺铂,食管
替加氟,肝
胃空肠吻合+空肠侧侧吻合术,肝脏
胆囊切除+胆肠吻合+胃肠吻合术,巩膜
血凝酶,腹
食管中段癌切除+食管-胃底弓下吻合术,食管旁多发淋巴结
泰素,肝脏
美托洛尔片,眼
阿托伐他汀钙,二尖瓣
肠镜上结肠直肠多发性息肉氩气刀治疗术,腹部
藿安正气丸,胃
胰十二指肠切除术,胰周脂肪
布洛芬,头
右半结肠切除术术,肠
胃肠吻合术,幽门
食管乳头状瘤”胃镜上切除,下腹部
腹腔镜上右卵巢囊肿剥除术+盆腔粘连松解术,腹腔
氟伐他汀钠缓释片,心包
莫西沙星,肺内血管支气管束
胃癌根治术,头
胃癌根治术,骶椎骨
肝癌切除+胆囊切除+胆管旁淋巴结切除术,下腹
超液化碘油,膈动脉
直肠腹会阴联合切除,直肠
美林,胃
苯磺酸右旋氨氯地平,右上肺
内镜上息肉切除术,头
氢氯噻嗪,四肢
地塞米松,头
胃癌根治术,心
补佳乐,阴道
BEV,鼻
阿托伐他汀钙,上肢
（宫颈）中分化鳞状细胞癌,右、左盆腔淋巴结
洛索洛芬钠片,头
多索茶碱,胸部
紫杉醇,腹腔
氨氯地平,气管
雷替曲塞,腹
泰素,骨
苯磺酸右旋氨氯地平,头
顺铂,阴道
腹腔镜上直肠部分切除术,直肠
胆囊切除术,上腔静脉
硝苯地平缓释片,两手掌
左半结肠切除术,淋巴结未见癌转移（肠周0/13，结肠中血管旁0/2）
内镜上切除术,腹
上肢动脉置管溶栓术,右上肢
二甲两胍,两上肢
左后外侧开胸，食管下段癌切除，食管胃弓下吻合术,食管
胸腔闭式引流术,肺内血管支气管束
生长抑素,胃
头痛粉,腹
穿刺术,背
姑息性左半结肠切除术,结肠肝曲
输尿管D-J管置入+剖腹探查+肠粘连分解+盆腔包块切除+放射性粒子置入术,腹
复杂肝癌切除（肝中叶切除）+胆总管探查+T管引流术,肝总管右左肝管分叉
艾恒,肝
右半结肠切除术,肠系膜上血管根部
子宫,全子宫
单硝酸异山梨酯缓释片,主动脉瓣
远端胃切除术,胃
世福素,胸
腹腔镜乙状结肠切除术,肠周淋巴结
胆囊摘除术,气管
右肾下腺巨大肿瘤切除+右肾切除+肠粘连松解术,肾下腺
胆道探查术,腹
腹腔镜上根治性全胃切除术ROUX-EN-YD2R0,肝脏
亚叶酸钙（同奥）,腹
左乳癌改良根治术,手
胆囊切除术,眼
表柔吡星,腹
左肝肿瘤切除+胆囊切除术,肝
XELODA,卵巢
海昆肾喜,心
腹腔镜转开腹，姑息性腹膜后肿瘤切除+胆囊切除,胆囊体部
广泛性全子宫＋两附件切除术＋盆腔淋巴结清扫术,两侧宫旁
腹腔镜根治性全胃切除术,小弯淋巴结
腹腔镜下全子宫切除术+双侧输卵管-卵巢切除术+阴道顶悬吊术+盆腔粘连松解术,子宫
胃癌根治术,胸
直肠肿瘤DIXON切除术,直肠
内镜上息肉切除术,胸
腹腔镜辅助上根治性全胃切除术,气管
全胃切除术,右上腹
腹腔镜中转-根治性全胃切除术,肝总动脉
腹腔镜子宫内膜癌分期术,左侧髂总髂外
碘油,肝S6
腔镜上直肠根治术（DIXON手术,腹腔
栓塞微球,腹
直肠癌根治术（DIXON式）,直肠下动脉旁淋巴结
食管胃结合部癌根治术,门齿
两黄连口服液,咽
奥硝唑,腹
胸腔闭式引流术,胸膜
降结肠根治术,肝
根治性左半结肠切除术,肛门
替加氟,结肠
腹腔镜直肠癌根治切除术,直肠
肝部分切除及胆囊切除术,S6近脏面
格列美脲,上肢
原发性肝癌切除术,肝
哌拉西林他佐巴坦针,胸部
空肠造瘘术,盆腔
胰十二指肠切除术,肠
腹腔镜上左半结肠根治性切除术,胃
吃美林,鼻
特素,腹腔
右乳癌改良根治术,肝
三黄片,腹
两腔上行经颈胸腹下段食管癌切除术,贲门上淋巴结
5-FU,右侧盆壁
全子宫、两附件、大网膜及阑尾切除术,左卵巢
左亚叶酸钙,左侧附件
根治性全胃大部切除术,腹
左乳癌改良根治术,腋窝淋巴结
曲美他嗪,主动脉瓣
拉西地平,鼻
健择,脑
胆囊穿刺置管引流术,腹部
姑息性乙状结肠癌切除术,大网膜
苯海拉明,腹
腹腔镜上根治性远端胃大部切除术,远端胃
肠镜上息肉切除术,腹
卡培他滨片,胃
泮托拉唑,腹
区域淋巴结切除术,左颈部淋巴结
腹腔镜上直乙交界处结肠癌根治术,乙状结肠
谷胱甘肽,腹
比索洛尔,肢体
DIXON术,肠壁浆膜上层
丹参,双下肢
氯酸氢氯吡格雷,胸
（远端）腹腔镜辅助胃癌根治术,胃
广泛全子宫两附件切除术+盆腔淋巴结清扫术+阔韧带肌瘤剥除术+阴道顶悬吊术,两侧卵巢
卡络磺,腹
肠息肉内镜上切除术,下腹部
瑞舒伐他汀,胸
IFO,心
维生素,胸
腹腔镜上直肠根治术（DIXON手术）,腹
奈达铂,胃
腹腔镜上直肠根治术（DIXON手术）中转开腹+膀胱病损修补术,膀胱
紫杉醇,骨髓
胃早癌剥离术,胃脘部
腹腔镜子宫内膜癌分期术,两侧卵巢
结肠癌剖腹探查+左半结肠根根治切除术+肠减压术,升结肠
两侧输卵管结扎术,膈上
羟考酮,腰骶部
左髂动脉支架术,右上肢
腹腔镜上左半结肠根治性切除术,肝曲
重度食管静脉曲张套扎治疗+组织粘合剂,腹
艾素,右侧下上肢
肝活检术,十二指肠粘膜
腹腔镜上乙状结肠病损切除术,肠管系膜
DIXON术,肛门
胃癌根治术,胃体
子宫切除+两附件切除+DIXON术+大网膜切除术开腹恶性肿瘤特殊治疗术,门静脉
S1,腹
螺内酯,两上肢
卵巢去势手术,右股骨
肿瘤坏死因子,肝
全胃切除术（空肠J字代胃）,肝脏
乙状结肠癌切除+两侧附件占位切除,膀胱
直肠癌根治术（,肠周淋巴结
肝叶切除术,膈肌
广泛性全子宫＋两附件切除术＋盆腔淋巴结清扫术,附件
奥沙利铂,肾
食管-胃底手工吻合,胸段食管
腹腔镜辅助上根治性远端胃大部切除+残胃空肠ROUX-Y吻合术（D2）,胃窦小弯侧
气管切开,胃
胃癌根治术,胰腺体尾部
剖腹探查+小肠粘连松解术,肠
胸腔镜上全胸段食管切除+食管-胃底右颈部吻合术,胃周淋巴结
天晴甘美,胸
拉西地平,咽
II广泛性全子宫两附件切除术,宫颈
II型全子宫切除+两侧附件切除+盆腔淋巴结清扫+腹主动脉旁淋巴结活检术,子宫
腹腔镜上根治性全胃切除+食管空肠ROUX-Y吻合术（D2）,腹腔
拜阿司匹林,左侧大脑半球
II广泛性全子宫两附件切除术,腹
II型改良根治性子宫切除+两附件切除,两附件
腹腔镜上直肠癌根治术,肠壁脂肪中淋巴结
格列美脲,头
直肠癌MILES术,精囊腺
血凝酶,心前区
泽菲,门腔间隙
输尿管镜下左侧输尿管置管术,左侧输尿管阴道
紫杉醇,乳房皮肤
希罗达,胃肠道
诺和锐30,手足
胆囊切除术,腹
胃炎颗粒,升结肠
希罗达 ,腹腔淋巴结
清宫,宫颈
阿卡波糖,头
宫颈癌根治术+两侧卵巢切除术,左闭孔淋巴结
骶尾部肿物穿刺术,腰骶部
力比泰,纵隔淋巴结
舒普深,胃
吗丁啉,腹部
腹腔镜上直肠部分切除术（姑息性）+乙状结肠造瘘术,腹
脑络通胶囊,头
地高辛,胸
胰头肿物切除、肝肿物切除、小肠憩室切除、胰肠吻合、空肠造瘘术,胰头
骨髓穿刺术,胸
奥沙利铂,右侧盆壁
中人氟安,盆腔
呋塞米,胃窦壁
腹腔镜上左半结肠根治性切除术,腹
腹腔镜上胃体间质瘤切除术,腹腔动脉
CF,肝
经腹腹膜外子宫切除+两附件切除+全盆腹膜切除+盆腔淋巴结清扫+腹主动脉旁淋巴结清扫+阑尾切除术,两侧输卵管壁外膜
奈达铂,左侧颈部
剖腹探查+乙状结肠肿瘤根治术+放射性粒子置入,上腹部
卵巢去势手术,肺
舒普深,左侧大脑半球
倍他乐克缓释片,双下肢
替吉奥,肝
胃癌根治术,胰腺
拜阿司匹林,心包
气管切开,两肺
XELODA,右输卵管
血塞通,两下肢
舒普深,头
结直肠多发息肉内镜上切除术,直肠
胰十二指肠切除术,十二指肠
左侧颈部淋巴结切检术,双侧颈后淋巴结
特罗凯,腹
腹主动脉旁淋巴结取样术,阴道
腹腔镜上根治性直肠癌切除术+回肠造瘘术,肠
氨氯地平,胸膜
横结肠造口术,肠
元胡止痛片,心
S1,胃体
胃癌根治术,腹
胆囊摘除术,左基底节区
小肠双腔造瘘术,腹
B超引导下肝肿瘤肿瘤射频消融毁损术,肝左叶
腹腔镜上广泛性子宫切除术+两侧附件切除+盆腔淋巴结清扫术+盆腔粘连松解术,阴道
宫颈癌根治术+两侧卵巢切除术,右闭孔淋巴结
来立信,腹
齐沙,胃
可定,颈动脉
乙状结肠癌切除+两侧附件占位切除,盆腔
卡铂,腹
门冬氨酸鸟氨酸,胆囊壁
拜阿司匹林,舌
胰尾+脾+部分结肠切除术,右下腹
硝酸甘油,左上肢
卡马西,双侧腋窝
肝部分切除及胆囊切除术,左肝
腹腔镜辅助右半结肠根治性切除术、胃部分切除术,结肠脾曲
肝癌切除术+胆囊切除术,结肠
气管切开,头
两环醇,肝
右前臂动静脉内瘘吻合术,胸
腹腔镜子宫内膜癌分期术,两附件
胰十二指肠切除、联合胰腺体颈部切除、胃造瘘、空肠造瘘术,肝
腹腔镜中转-根治性全胃切除术,脾脏
曲美他嗪,胸
腹腔镜上左半结肠姑息性切除术,升结肠中段
布地奈德,胸
麝香保心丸,心
腹腔镜上直肠癌根治术MILES,腹
藿安正气丸,腹
腹腔镜检查+活检术,腹
根治性远端胃大部切除,十二指肠
胰十二指肠切除术,肠壁
海替舒,双肺
多柔比星脂质体,胃
气管插管,左肺下叶
胸腔镜上全胸段食管切除+食管-胃底右颈部吻合术,胃底
清宫术,头
紫杉醇,纵隔淋巴结
全麻上直肠肿瘤切除术,腹
胎盘多肽,两侧肺
胃癌姑息性切除术（远端胃大部切除+毕I式吻合）,胰腺
泰素,右股骨
肛泰栓,腹
奈达铂,头
疏血通,心包
阿托伐他汀,脑室体
胆总管切开取石+术中胆道镜取石+左肝部分切除+右肝内叶‘十字’切开取石,胆管
内镜上切除术,头
肝活检,肝
乙状结肠癌切除+两侧附件占位切除,子宫
安维汀,腹膜后淋巴结
超声引导上右肝肿块射频消融术,腹
腹腔镜上腹腔探查术+中转开腹+术中冰冻活检+乙状结肠癌根治术+小肠部分切除术、肠吻合术,横结肠
紫杉醇,肝
华法林,胸
根治性左半结肠切除术,肠壁全层
冷刀宫颈锥切术,阴道
经腹广泛性子宫+两附件切除术+盆腔淋巴结清扫术,右闭孔淋巴结
泰素,右上上肺
两黄连口服液,腹
腹腔镜上腹腔探查术+中转开腹+术中冰冻活检+乙状结肠癌根治术+小肠部分切除术、肠吻合术,腹
艾恒,肝动脉
氯吡格雷,脑室体
全子宫切除术+两侧附件切除术+肿瘤细胞减灭术+骶韧带悬吊术+大网膜肿物切除术,宫体
头痛粉,胃
奥曲肽,胸
易善复,肝
亚叶酸钙,肠系膜淋巴结
替加氟,腹
蒲元和胃胶囊,胃
腹腔镜上腹膜活检术+右侧卵巢切除术,右侧卵巢
腹腔镜上左半结肠根治性切除术,肠
直肠癌根治术（DIXON式）,直肠旁淋巴结
达喜,腹
腹腔镜上左半结肠切除术,回盲部
碘油,腹腔动脉
根治性全胃切除术+食管空肠ROUX-Y吻合术（D2）,中下腹
直肠癌经腹、会阴联合切除术（MILES术），右侧腹壁永久造瘘,精囊腺
广泛性全子宫＋两附件切除术＋盆腔淋巴结清扫术,颈管
谷胱甘肽,眼
盐酸坦洛新缓释胶囊,前列腺
全子宫+右附件手术切除,阑尾
多西他赛,肝脏
ＴＨＰ,膈动脉
宫颈活检术,宫颈
溴己新,腹腔
胸腔镜上全胸段食管切除+食管-胃底右颈部吻合术,(上段食管旁)个淋巴结
来曲唑,左侧上肢
开腹探查乙状结肠癌切除术,肠周淋巴结
氟伐他汀钠缓释片,两侧胸腔
元胡止痛片,肛门
阿托伐他汀钙,胸
善龙,腹直肌
头孢美唑,鼻
胰十二指肠切除、门静脉节段切除、人工血管原位移植术、上腔静脉部分切除、修补术,上降静脉壁
磷酸肌酸,耳
肝癌切除+胆囊切除术,肝
胃癌根治术,胃
头孢,心
左半结肠切除+WIPPLE术,肝
胆囊摘除术,肺
氯比格雷,头
贲门癌根治（全胃切除）+胰腺体尾部切除+脾切除术,食管上段
全子宫+两附件切除+腹盆腔粘连松解术,乳头
紫杉醇,阴道
全胃切除，空肠J字代胃术,小弯侧
DIXON术,肠周淋巴结
降结肠根治术,小肠
剖腹探查+左半结肠切除+肠粘连松解术,肠壁淋巴结
气管插管,两肺上叶
硝酸甘油,头
重组甘精胰岛素注射液（长秀霖笔芯）,头
胃癌近端胃切除+食管残胃吻合+放射性粒子植入术,肛门
GEM,胰腺
小肠癌根治术,盆腹腔
消炎利胆片,心
卡铂,大网膜
紫杉醇,乳头
吉西他滨,肝
卡铂,腹膜后淋巴结
腹腔镜根治性全胃切除术,大弯淋巴结
唑来磷酸,肠
胆囊摘除术,左侧大脑半球
全子宫切除+两附件切除+盆腔淋巴结切除+腹主动脉淋巴结切除+大网膜切除+肠粘连松解术,盆腔
肝门部胆管癌切除术,胆管
善龙,右侧腹直肌
内镜上息肉切除术,心
内镜上切除术,升结肠
阿拉坦五味丸,右上腹
表柔比星,肛门
泰欣生,纵隔淋巴结
特殊肝段切除术（IV、V、VIII段）+胆囊切除术+肝十二指肠韧带内肿大淋巴结切除术,肝
阿司匹林,肠道
（宫颈）中分化鳞状细胞癌,阴道
胃肠吻合术,大网膜
苯海拉明,胃
替米沙坦,心
紫杉醇,右肺下叶
腹腔镜上腹腔探查术+中转开腹+术中冰冻活检+乙状结肠癌根治术+小肠部分切除术、肠吻合术,膀胱壁
螺内酯,胃窦壁
甲泼尼龙,胸
胃癌根治术（胃全切）,腹腔
奥沙利铂,右侧竖脊肌
善龙,右侧髂内闭孔区
肝癌切除术+胆囊切除术,肝S6
支架植入术,胸
经腹全子宫两两侧附件切除附件切除术+盆腔淋巴结清扫术,宫颈
直肠癌切除术,肠
泮托拉唑,胃
厄贝沙坦氢氯噻嗪,四肢
胰岛素,口
头孢唑肟钠,阴道
猴头菌,腹
腹腔镜中转-根治性全胃切除术,胃右动脉
去甲肾下腺素,腹
胸腔镜辅助上右下肺叶切除及纵隔淋巴结清扫术,气管
胃早癌剥离术,头
SORAFINIB,腹
剖腹探查+卵巢癌细胞减灭术（全子宫、两侧附件、大网膜、阑尾、盆腔转移灶、直肠转移灶切除+盆腔淋巴结清扫术）,腹腔
胃癌切除术,十二指肠
希罗达,下腹
格列美脲,心
单硝酸异山梨酯缓释片,胸
左半结肠切除术,肠
速效救心丸,四肢
多索茶碱,头
海昆肾喜,肾
广泛全子宫两附件切除术+盆腔淋巴结清扫术+阔韧带肌瘤剥除术+阴道顶悬吊术,腹
盐酸多柔比星脂质体,肝
多瑞吉,腹
托拉塞米,双下肢
麝香保心丸,头
硝酸甘油,左前降支中段
右半结肠切除术术,中间淋巴结
替加氟,胃
蒲元和胃胶囊,腹
复方地茯口服液,头
全子宫+右附件手术切除,腹
保妇康栓,阴道
地塞米松,胃
气管切开,心包
速效救心丸,两上肢
左半结肠切除术,盲肠部
直肠癌MILES术,腹
上肢动脉置管溶栓术,左上肢
ERCP胆道支架植入术,肝内胆管
索拉菲尼（多吉美）,背部
腹腔镜上根治性直肠癌切除术+回肠造瘘术,左侧盆腔
盐酸曲马多,中下腹
速效救心丸,肢体
异环磷酰胺,肝
美沙拉嗪,肠
远端胃切除+B-II重建+空肠BRAUN吻合,胃
BEV,腹部淋巴结
经腹广泛性子宫+两附件切除术+盆腔淋巴结清扫术,宫颈
血塞通,颈部
乙状结肠癌切除术、远端封闭，近端造瘘,腹
经腹广泛子宫+两附件切除+盆腔淋巴清扫术,阴道
复杂肝癌切除（肝中叶切除）+胆总管探查+T管引流术,肝中叶，IV、V、VIII段
紫杉醇,鼻腔
空肠切除术,回肠
硝苯地苯片,胸
右侧颈部颈部肿块肿块切除术,右侧颈部
肝门部胆管癌根治术,肝内胆管
艾奕,宫颈部
洛铂,胸背
根治性左半结肠切除术,结肠
胃癌切除术,头
右美沙芬,关节
剖腹探查术,腹
冸托拉唑,下腹
乙状结肠癌根治术,淋巴结
根治性全胃大部切除术,右肝
善龙,淋巴结
腹腔镜探查,腹
惠尔血,腹腔
比索洛尔,胸
神经节苷酯,左侧大脑半球
顺铂,肺
恩度,浅表淋巴结
支架置入术,右上肢静脉
根治性远端胃大部切除＋毕Ｉ式吻合术,胃窦小弯侧
根治性全胃切除术,胃角
IFP,右中上腹小肠
头孢,腹
行腹腔镜上远端胃大部切除术+放射性粒子植入,及
希罗达,胃
厄贝沙坦,右房
腹腔镜上直肠姑息性切除术+末段回肠造瘘术,直肠
剖腹探查,肠
氨氯地平,胃
健择,右肝管
左半结肠切除术,结直肠
伊力替康,骨髓
FDG,肺
雷贝拉唑,右上腹
腹腔镜上广泛性子宫切除术+两侧附件切除+盆腔淋巴结清扫术+盆腔粘连松解术,右、左盆腔淋巴结
培美曲赛,椎管
根治性远端胃大部切除、毕II式吻合术,胃
阿司匹林,左上肢
腹会阴直肠癌根治术（MILES手术）,肛门
腹腔镜直肠癌根治切除术,肠
剖腹探查＋大网膜活检术+子宫下段剖宫产术,胃部
氨氯地平,两侧肺
螺内酯,右上肺
B超引导上左颈部肿物粗针活检术,左颈部
泰素,食管
喉部恶性肿瘤切除术,咽喉
奈达铂,浅表淋巴结
阴道镜上宫颈活检,阴道
瑞宁得,肝
紫杉醇,耳
腹腔镜上广泛性子宫切除术+两侧附件切除+盆腔淋巴结清扫术+盆腔粘连松解术,颈
替吉奥,腹腔
清宫,宫腔
根治性全胃切除术,贲门
腹腔镜子宫内膜癌分期术,左侧腹股沟
开顺,双肺
结肠多发息肉镜上切除,下腹部
腹腔镜子宫内膜癌分期术,两侧圆、主、骶韧带
颅骨钻孔血肿抽吸术,脑室
行乐沙定,肝门区
剖腹探查+胆肠吻合+胃肠吻合+胆囊切除术,胰腺
螺内酯,胃窦腔
神经节苷酯,两肺
腹腔镜辅助右半结肠根治性切除术、胃部分切除术,脾脏
近端胃癌根治术,淋巴结
舒利迭,肢体
腹腔镜上横结肠癌根治性切除术,腹
肝癌切除+胆囊切除+胆管旁淋巴结切除术,肝
剖腹探查,肠系膜根部淋巴结
大网膜切除+胃空肠吻合术+回肠-横结肠吻合术,十二指肠
爱斯万,腹腔干
亚叶酸钙,肛门
泰索帝,肝
卡培他滨,肛门
强力枇杷露,右肾
布地奈德,肺门
VP-16,髂总血管
胃癌姑息切除术,胃窦
IFO,胸
腹腔镜上直肠癌根治术（MILES）＋放射粒子植入术,肠壁淋巴结
头孢类,头
肝癌切除术+胆囊切除术,肝
腹腔镜上乙状结肠癌根治术,肾
颅骨钻孔血肿抽吸术,舌
地塞米松,腹
腹腔镜上直肠癌根治术DIXON,空肠
直肠病损切除术,腰
卡铂,右侧输尿管
根治性远端胃大部切除、毕II式吻合术,肠
丹参,头
替吉奥,食管中下段
氯吡格雷,左侧基底节区
美托洛尔缓释片,右室
胰十二指肠切除术,胃
希罗达,两肺
强力枇杷露,左侧肾下腺
根治性左半结肠切除+区域淋巴结清扫术,盲肠
阿司匹林,右肩部
胆囊穿刺造瘘术,胰
希罗达,左侧锁骨下窝
替米沙坦,头
乙状结肠切除+右肾下腺切除术,结肠
溴己新,左侧肾下腺
腹腔镜胃癌根治术,胃
腹腔镜上盆腔粘连分离术、右侧输卵管切除术、左侧卵巢囊肿剥除术、腹膜病灶活检术,腹
还原型谷胱甘肽,脾
SORAFINIB,十二指肠
乙状结肠癌切除术、远端封闭，近端造瘘,肠
泰勒宁,腰
乙状结肠癌切除术、远端封闭，近端造瘘,胃
来得时,心肌
福辛普利片,胸
右半结肠切除术,腹主动脉
直肠肿瘤DIXON切除术,腹
B超引导上腹腔穿刺置管引流,皮肤
肝中叶切除+胆囊切除术,肝中叶
胃肠吻合术,十二指肠降段
希罗达,左下气管
碘油,门脉
福辛普利片,头
经腹广泛性子宫+两附件切除术+盆腔淋巴结清扫术,右髂血管淋巴结
伊替立康,肝
胰十二指肠切除、门静脉节段切除、人工血管原位移植术、上腔静脉部分切除、修补术,胰头
紫杉醇,静脉
爱必妥,鼻咽
腹腔镜上扩大根治性左半结肠癌切除,结肠肝曲
穿刺术,双侧颈后淋巴结
宫颈LEEP,宫颈
通心络胶囊,心
腹腔镜上直肠癌根治术+右半肝切除术+胆囊切除术,直肠
结肠息肉APC术,肛管
华法林,心脏
贲门癌根治（全胃切除）+胰腺体尾部切除+脾切除术,胰腺体部及尾部
肝部分切除及胆囊切除术,肝
肝癌切除术+胆囊切除术,胃
全子宫+两附件切除+腹盆腔粘连松解术,肠
苯磺酸氨氯地平片,心
宫颈活检术,阴道
根治性全胃切除术,大弯侧淋巴结
子宫全切术,肝
卵巢癌减瘤术,腹盆腔
结肠息肉APC术,直肠乙状结肠
右侧腮腺肿物及腮腺浅叶切除术,右侧腮腺
紫杉醇,骨
腹腔镜上根治性全胃切除+食管空肠ROUX-Y吻合术（D2）,腹
腹腔镜上腹腔探查术+中转开腹+术中冰冻活检+乙状结肠癌根治术+小肠部分切除术、肠吻合术,右上腹
根治性左半结肠切除+区域淋巴结清扫术,近端小肠
腹腔镜上直肠根治术（DIXON手术）中转开腹+膀胱病损修补术,直乙交界处
胸腔镜上全胸段食管切除+食管-胃底右颈部吻合术,(右锁骨下)淋巴结
气管切开术,脑
DIXON手术,肠
泰素,纵膈及所摄入右锁骨窝区、肝胃间隙多发肿大淋巴结
胃癌切除术,胸
华法林,心
全胃切除术（空肠J字代胃）,盆底
天晴甘美,肝
乐喜林,头
赘生物+囊肿切除,腹
姑息性直肠癌切除术（dixon）,直肠中段
内镜上息肉切除术,腹
早期食管癌（癌前病变）内镜上切除术,门齿
曲美他嗪,室间隔
姑息性“乙状结肠切除,乙状结肠
紫杉醇,门齿
普美显,肝
希罗达,头
蒲元和胃胶囊,下腹
阑尾切除术,右附件
吗丁啉,中下腹部
门冬胰岛素,心
奥硝唑氯化钠,阴道
降结肠根治术,腹主A
横结肠造口术,腹壁
TACE,右、左肝交界处
氟尿嘧啶,小弯淋巴结
腹腔镜辅助右半结肠根治性切除术、胃部分切除术,胰腺
舒普深,两肺
DIXON术,乙状结肠
厄贝沙坦,左室
替加氟,腹腔
吉西他滨,肠系膜下动脉
希罗达, 肝总动脉旁（0/1)、 胃大弯（0/1)淋巴结
腹腔镜上腹膜活检术+右侧卵巢切除术,盆腔
腹腔镜辅助上乙状结肠癌根治术,乙状结肠中段
可达龙,心
胆囊切除术,门静脉
洛铂,肛门
腹腔镜上左半结肠根治性切除术,盲肠
地塞米松, 肝总动脉旁（0/1)、 胃大弯（0/1)淋巴结
厄贝沙坦氢氯噻嗪,胸腔
曲美他嗪,右房
泽菲,肝门区
远端胃癌根治术,下腹
腹腔镜中转-根治性全胃切除术,胃体下段至胃底贲门部
阿托伐他汀钙,心
气管插管,两侧胸腔
伊立替康,左肺
胰十二指肠切除术,腹
食管中段癌切除+食管-胃底弓下吻合术,主动脉弓
曲美他嗪,心
（宫颈）中分化鳞状细胞癌,颈
结肠多发息肉镜上切除,胸
胃癌姑息性切除术,S2
胸椎肿瘤后路切除+内固定术,腰背部
奈达铂,鼻腔
肝囊肿开窗引流,胰腺
剖腹探查+直肠癌根治术（HARTMANN术）+肠粘连松解术,肠
消炎利胆片,胸腹部
剖腹探查+腹腔肿物切除+阑尾切除+腹腔热灌注化疗,腹
还原型谷胱甘肽,胆囊壁
ESD,腹
贲门癌根治术,贲门
洛铂,心前区
胰十二指肠切除术,壶腹
腹腔镜上胃癌根治术,胃大小弯淋巴结
依替米星,面部
左旋氨氯地平片,肢体
泰能,阴道
胃癌根治术,肠
小肠癌根治术,TREITZ韧带
优思林,手足
右侧上肢动脉PTA+STENT术,右股浅动脉远端
去甲肾下腺素,胃
腹腔镜子宫内膜癌分期术,全子宫
替普瑞酮,右下腹
肝转移瘤切除术,肝左静脉
雷替曲塞,头
气管切开,右侧肢体
曲美他嗪,右室后壁
卡马西,双侧锁骨
空回肠侧侧吻合+横结肠造口术,脾
泮托拉唑,头
肝肿物微波固化术,肝
骶尾部肿物切除术,骶尾部
全子宫+右附件手术切除,胃
腹腔镜上姑息性直肠癌切除术（HARTMANN）+乙状结肠造瘘术,腹
右乳癌改良根治术,肺
沐舒坦,左肺下叶
托拉塞米,丙肝
根治性远端胃大部切除术,肝
洛铂,肝
S1,卵巢
右侧胸腔引流术,右上肺
剖腹探查,横膈
吉西他滨,腹
贲门癌根治术,上段食管旁”（3个）、“贲门周围”（4个）、“胃右动脉旁”（8个）淋巴结
乌拉地尔,左下肢
肝动脉灌注化疗术,右肝管
剖腹探查+小肠粘连松解术,肛门
乙状结肠切除+右肾下腺切除术,肠
腹腔镜中转-根治性全胃切除术,贲门
全膀胱切除根治术+回肠导管术,左髂外淋巴结
甘露醇, 肝总动脉旁（0/1)、 胃大弯（0/1)淋巴结
奈达铂,耳
腹腔镜上直肠癌根治术（MILES）＋放射粒子植入术,肛门
曲美他嗪,二尖瓣
卡络磺钠,右侧肩背部
经腹III型全子宫切除+两侧附件切除+两侧盆腔淋巴结清扫+腹主动脉旁淋巴结切除术,全子宫
单硝酸异山梨酯缓释片,心
腹腔镜胆囊切除+胆总管切开取石+T管引流术,肝
雷贝拉唑,中下腹
胃癌切除术,胃
ＴＨＰ,腹腔动脉
卡络磺钠,心前区
紫杉醇,下腔静脉
胰十二指肠切除术,壶腹部
爱斯万,两肺
5-FU,肝
氢氯噻嗪,右上肺
姑息性“乙状结肠切除,肠
二甲两胍,左下肢
奥美拉唑,头
恩度,骨
草酸铂,胃右动脉
左半结肠切除术,结肠
胆囊摘除术,左肺下叶
经腹广泛性子宫+两附件切除术+盆腔淋巴结清扫术,左髂血管淋巴结
根治性左半结肠切除术,淋巴结
乙状结肠癌切除术、远端封闭，近端造瘘,肝脏
洛铂,肾
头孢,胸
维生素,肝
艾素,头
剖腹探查+小肠粘连松解术,腹
剖腹探查、左肝肿瘤切除、胆囊切除、左肝结节射频消融术,腹
希罗达,腹
经左胸下腹颈部食管部分切除+胃食管颈部吻合+二野清扫术,左喉返神经旁旁淋巴结
哌拉西林,两肺
拉西地平,耳
氟伐他汀钠缓释片,左基底节区
盆腔淋巴结清扫术,腹
经腹广泛性子宫+两附件切除术+盆腔淋巴结清扫术,阴道
头孢类,腹
左亚叶酸钙,腹腔
雷诺得,肝脏
腹会阴直肠癌根治术（MILES手术）,小骨盆腔
奥美拉唑,左侧肾下腺
奥沙利铂,大弯淋巴结
右侧腋窝肿块切除术,腹
古拉定,胸
安达,腹
安维汀,腹
肝叶切除术,腹腔
姑息性胰十二指肠切除术,结肠中动、静脉
奥美拉唑,腹腔
单硝酸异山梨酯缓释片,室间隔
拜阿司匹林,左肺下叶
沐舒坦,肺
莫西沙星,肺部
腹腔镜上腹腔探查术+中转开腹+术中冰冻活检+乙状结肠癌根治术+小肠部分切除术、肠吻合术,乙状结肠
气管插管,脑
氟伐他汀钠缓释片,两肺上叶
根治性全胃切除+食管-空肠ROUX-EN-Y吻合术,腹
胃癌根治术+肝转移切除,胃小弯
II型全子宫切除+两侧附件切除+盆腔淋巴结清扫+腹主动脉旁淋巴结活检术,宫颈
输尿管D-J管置入+剖腹探查+肠粘连分解+盆腔包块切除+放射性粒子置入术,左侧附件
全子宫+两附件切除+腹盆腔粘连松解术,子宫
右乳癌改良根治术,右腋窝淋巴结
脑络通胶囊,腹
莫西沙星,胸腔
雷贝拉唑,腹
红源达,头
蛇毒血凝酶,胃
头痛粉,头
门冬氨酸鸟氨酸,腹
腹腔镜DIXON+回肠造瘘术,肠壁及淋巴结
左半结肠切除+WIPPLE术,胃
胰十二指肠切除术,胸
布地奈德,右下肺
全子宫切除+盆腔淋巴结清扫术,右闭孔
伊玛替尼,胸
多索茶碱,腹
头痛粉,胸
左乳癌改良根治术,锁骨下淋巴结
肝癌切除术+胆囊切除术,直肠
乳酸右氧氟沙星,前列腺
根治性左半结肠切除术,腹部
贝伐珠单抗,脑
阿托伐他汀,胸
顺铂,主动脉弓
补佳乐,头
腹腔镜上根治性直肠癌切除术+回肠造瘘术,盆腔
上肢动脉置管溶栓术,两侧股动脉
索拉菲尼（多吉美）,上肢
盆腔淋巴结清扫术,阴道壁
腹腔镜上两卵巢切除术+腹腔热灌注,胃体
子宫全切术,子宫
天麻素,心
强力枇杷露,胃小弯
右乳癌改良根治术,右股骨
爱斯万,胃
腹腔镜扩大根治性左半结肠切除术,回肠
托烷司琼,胰头
螺内酯片,两上肢
II型全子宫切除+两侧附件切除+盆腔淋巴结清扫+腹主动脉旁淋巴结活检术,宫颈管
开腹探查乙状结肠癌切除术,腹壁
亚叶酸钙,肝
卡培他滨,肝
吗丁啉,下腹部
呋塞米,心
腹腔镜胃癌根治术,腹
优思林,两上肢
开塞露,胃肠
螺内酯,右侧肾下腺
根治性左半结肠切除术,大便带血
兰索拉唑,腹
肠粘连松解术,腹
胃癌切除术,腹
顺耳宁,心
宫腔镜上子宫粘膜上肿物切除术,子宫
胰十二指肠切除术,十二指肠乳头
胆囊穿刺造瘘术,肝
速效救心丸,肩背部
替吉奥,胃肠道
异丙托溴铵,肺穿
藿安正气丸,骨髓
全子宫+右附件手术切除,左附件
贲门癌根治术,空回肠
莫西沙星,两侧肺
腹腔镜子宫内膜癌分期术,右侧髂内闭孔
甘露醇,肢体
阿托伐他汀钙,主动脉瓣
氯比格雷,肢体
腹腔镜上直肠癌根治术（MILES）+放射性粒子植入术,肠
贝伐珠单抗,肝
腹腔镜上根治性右半结肠切除术,右半结肠
经典原位非转流式肝移植术,肝
山莨菪碱,胸
胰十二指肠切除、联合胰腺体颈部切除、胃造瘘、空肠造瘘术,胰腺
全胃切除，空肠J字代胃术,肝脏
拜阿司匹林,两肺上叶
疏血通,两肺
右大腿截肢右膝肿物切除及右腹股沟淋巴结清扫术,右侧闭孔
腹腔镜中转-根治性全胃切除术,腹腔
结肠多发息肉高频电切术,腹
胃癌根治术,肝脏
肝癌切除术+胆囊切除术,腹
洛赛克, 肝总动脉旁（0/1)、 胃大弯（0/1)淋巴结
胸腔镜下左肺上叶楔形切除术,左上肺
卵巢去势手术,肝
紫杉醇,乳房
泰素,肺
两腔上行经颈胸腹下段食管癌切除术,胃
安维汀,左下胸
贲门癌根治术,右侧腹腔
麝香保心丸,腹
剖腹探查+左半结肠切除+肠粘连松解术,肠
救心丸,心
肠息肉内镜上切除术,胸
乙状结肠两腔造瘘术,骶前
腹腔镜辅助上乙状结肠癌根治术,肝
番泻叶,浅表淋巴结
II型改良根治性子宫切除+两附件切除,子宫
翻身三切口食管下段癌切除+食管-胃底右颈部吻合+第6后肋内固定+空肠造瘘术,(上段食管旁)淋巴结
阑尾切除术,输卵管
胰十二指肠切除术,肠系膜下动静脉
甘露醇,胰
贲门癌根治（全胃切除）+胰腺体尾部切除+脾切除术,胃底贲门
腹腔镜上根治性全胃切除+食管空肠ROUX-Y吻合术（D2）,盆腔
肿瘤细胞减灭术（全子宫+两附件切除术+大网膜切除术+DIXON术+回盲部切除术）,腹
氯酸氢氯吡格雷,冠状动脉
右美沙芬,胸前区
降结肠根治术,结肠
姑息性直肠癌切除术（dixon）,腹
消渴丸,两上肢
氨氯地平,两房
蛇毒血凝酶,腹
头孢,头
门冬氨酸鸟氨酸,胃
奥铂,膈动脉
腹腔镜上根治性全胃切除术,贲门周淋巴结
头痛粉,肢体
异丙托溴铵,心
疏血通,左侧大脑半球
升结肠癌根治术,腹
食管癌根治术,腹部
宫腔诊刮术,阴道
根治性远端胃大部切除＋毕Ｉ式吻合术,胸
全子宫、两附件、大网膜及阑尾切除术,输卵管
根治性左半结肠切除+区域淋巴结清扫术,腹部
姑息性胰十二指肠切除术,肝
盆腔淋巴结清扫术,宫颈
左侧上肢动脉造影+球囊扩张术,右侧胫后动脉
经腹III型全子宫切除+两侧附件切除+两侧盆腔淋巴结清扫+腹主动脉旁淋巴结切除术,子宫体
希罗达 ,腹
拜阿司匹林,两侧胸腔
全子宫+两附件切除+盆腔淋巴结清扫术+肠粘连分解术,子宫
顺铂,右上上肺
胃癌根治术,胃区
甘草合剂,腹
疏血通,胃
异丙托溴铵,胸
赘生物+囊肿切除,右侧卵巢
腹腔镜辅助上根治性全胃切除术,腹腔
伊立替康,两肺
炎琥宁,腹
胃癌根治术（远端胃大切,下腹部
盐酸曲马多,腹
多索茶碱,肺内血管支气管束
SP,腹腔
奥沙利铂,肠系膜下动脉
主动脉瓣置换术,心
糖脉康,两上肢
内镜上胆管支架置入术,皮肤
救心丸,胸
内镜上息肉切除术,下腹部
肠镜上结肠直肠多发性息肉氩气刀治疗术,脐周
ROUX-Y吻合术D2,下腹部
海替舒,腹
门冬胰岛素,两上肢
DIXON手术,肠壁外膜层
胃癌根治术,下腹部
剖腹探查术,肝区结肠
普美显,腹
全膀胱切除根治术+回肠导管术,左髂内淋巴结
上肢动脉PTA,血管
顺铂,右股骨
伯尔定,左下腹
替吉奥胶囊,肝
腹腔镜上腹膜活检术+右侧卵巢切除术,卵巢
S1,腹腔
胎盘多肽,肺部
根治性远端胃大部切除＋毕Ｉ式吻合术,肝脏
胆囊切除+右半肝切除+门静脉切开取栓术,肝
两侧椎动脉+左侧肾动脉狭窄处支架置入术,腹部
NDP,食管
右上肢动脉造影+右上肢动脉置管溶栓术,右第1、2足趾
铝碳酸镁片,下腹部
倍他乐克缓释片,心
来得时,肢体
腹腔镜根治性全胃切除术,幽门上淋巴结
肝癌切除术+胆囊切除术+胆总管切开取栓术,肝
紫杉醇,腹主动脉淋巴结
腹腔镜上直肠根治性切除术+预防性回肠造瘘术,（肠系膜上动脉根部）淋巴结
通心络胶囊,胸
奥沙利铂,胃体
正中开腹根治性全胃切除+食管-空肠ROUX-EN-Y吻合+空肠造瘘+脾切除术,胃
多西他赛,右股骨
培美曲赛,上腹部
氯吡格雷,肠道
硫酸镁,胎
胰十二指肠切除、门静脉节段切除、人工血管原位移植术、上腔静脉部分切除、修补术,门静脉壁
肝转移瘤RFA术,肝
开顺,腹
降乙结肠癌根治术,肠系膜根部淋巴结
内镜下息肉摘除术,乙状结肠
全子宫切除+盆腔淋巴结清扫术,子宫
胸腔穿刺,颈部淋巴结
全子宫+右附件切除+直肠切除术,直肠
左半结肠切除术+左侧卵巢切除术+盆底结节切除术+腹腔热灌注化疗,肠
小肠部分切除术,腹
II型全子宫切除+两侧附件切除+盆腔淋巴结清扫+腹主动脉旁淋巴结活检术,右闭孔淋巴结
奥沙利铂,小弯淋巴结
苯磺酸氨氯地平片,胸
白内障手术,心
直肠癌根治术（DIXON,肛
经腹III型全子宫切除+两侧附件切除+两侧盆腔淋巴结清扫+腹主动脉旁淋巴结切除术,宫颈
肺表面活性物质,胸
氯吡格雷,胸
LAR手术,肠周淋巴结
胃癌根治术,横结结肠
顺铂,胸椎
大网膜切除+胃空肠吻合术+回肠-横结肠吻合术,盆腔
益保世灵,肝
重组甘精胰岛素注射液（长秀霖笔芯）,腹
胰十二指肠切除术,胰头部
硝酸甘油,背部
胃癌近端胃切除+食管残胃吻合+放射性粒子植入术,腹
腹腔镜辅助胃癌根治术,胃
胃癌姑息切除术,胰腺
腹腔镜上乙状结肠癌根治术,胃
厄贝沙坦,室间隔
恩度,肝
腹腔镜上左半结肠切除术,肠管
腹腔镜上根治性远端胃大部切除术,腹壁
乙状结肠息肉电切术,肛
广泛性子宫切除、两侧输卵管卵巢切除及盆腔淋巴结清扫术,两卵巢
子宫次全切除术,左上腹
倍他乐克缓释片,头
肝活检术,壶腹部
雷诺得,肝
希罗达,右侧下上肢
来得时,四肢
腹会阴直肠癌根治术（MILES手术）,肠
胃癌根治术,腹腔
甘草合剂,胃
THP,腹膜后淋巴结
卡培他滨,胃
亚叶酸钙,胃
强力枇杷露,腹
血塞通,胸
腹腔镜上腹膜活检术+右侧卵巢切除术,腹
结肠息肉APC术,肛门
番泻叶,腹
异丙托溴铵,胸部
左乳肿块穿刺活检术,左乳
头孢,咽
胸腺五肽,腹
诺和锐,口
宫颈癌根治术+两侧附件切除术+盆腔淋巴结清扫术,宫颈管
普美显,肝右外叶
胃癌手术,小肠
广泛性子宫切除、两侧输卵管卵巢切除及盆腔淋巴结清扫术,宫颈
根治性左半结肠切除术,肝脏
直肠癌根治术,直肠
罗布麻,胸
姑息性直肠癌切除术（dixon）,直肠腹膜返折
姑息性左半结肠切除术,肠
安达,肩背部
重度食管静脉曲张套扎治疗+组织粘合剂,头
顺铂,胃肠道
5-FU,腹
左腹股沟肿大淋巴结活检,胃肠道
神经节苷酯,左肺下叶
胸腔引流、胸腔冲洗,胸腔
大网膜切除+胃空肠吻合术+回肠-横结肠吻合术,肠
罗布麻,头
益保世灵,头
替加氟,右股骨
恩度,腹膜后淋巴结
翻身三切口食管下段癌切除+食管-胃底右颈部吻合+第6后肋内固定+空肠造瘘术,食管周淋巴结
卡铂,静脉
（远端）胃癌根治术,胃壁浆膜上层
硝酸甘油片,胸
胃炎颗粒,腹
全胃切除术,胃小弯
大网膜切除+胃空肠吻合术+回肠-横结肠吻合术,胰腺
安置心脏起搏器,头
腹腔镜上直乙交界处结肠癌根治术,腹
奥沙利铂,骨
广泛子宫+双附件切除+盆腔淋巴结清扫+左输尿管双j管放置术,双侧髂总、盆腔淋巴结
雷贝拉唑,肩背部
远端胃癌根治+B-I式吻合术,腹
全麻上直肠肿瘤切除术,腹腔
胸腔穿刺,肺
头孢噻肟,鼻
艾素, 肝总动脉旁（0/1)、 胃大弯（0/1)淋巴结
布洛芬,腹
直肠癌根治术,肠
两黄连口服液,心
腹腔镜辅助上根治性全胃切除术,胃
多索茶碱,两侧肺
降乙结肠癌根治术,肠
姑息性胰十二指肠切除术,门静脉与脾静脉交汇处
多索茶碱,胸膜
曲美他嗪,左室
胆道探查术,皮肤
阑尾切除术,左侧附件
吗丁啉,右下腹
低分子肝素钙,心包
柰达铂,肝
铝碳酸镁片,胸
爱斯万,腹
腹腔镜上腹腔探查术+中转开腹+术中冰冻活检+乙状结肠癌根治术+小肠部分切除术、肠吻合术,降结肠
腹腔镜上两卵巢切除术+腹腔热灌注,腹
碘油,膈动脉
部分小肠切除术,小肠
大网膜切除+胃空肠吻合术+回肠-横结肠吻合术,腹
泽菲,腹主动脉
子宫,宫颈
铝碳酸镁片,头
肺表面活性物质,四肢
直肠腹会阴联合切除,肠周淋巴结
开腹子宫内膜癌分期手术+大网膜切除术,骶韧带
空肠空肠Ｂｒａｕｎ吻合,胃
肝肿物微波固化术,肝S6
血塞通,耳
两侧子宫动脉化疗栓塞术,宫颈
腹腔镜上广泛性子宫切除术+两侧附件切除+盆腔淋巴结清扫术+盆腔粘连松解术,宫颈
氢氯噻嗪,头
空肠造瘘术,回肠
兰索拉唑,四肢
血塞通,心
姑息性胰十二指肠切除术,胰腺导管
经左胸三切口食管下段癌切除+食管胃底左颈部吻合+左侧第5肋骨固定术,胸腔
硝酸甘油,剑突
胃镜上息肉切除,腹
氨溴索,胸部
右半结肠根治性切除术,乙状结肠降结肠交界处
右乳癌改良根治术,乳腺
根治性左半结肠切除术,回肠
剖腹探查,回肠
顺铂,左肺
腹腔镜上直乙交界处结肠癌根治术,腹腔
腹腔镜下广泛子宫切除术+双附件切除术+盆腔淋巴结清扫术,左侧输尿管阴道
安置“起搏器,胸
厄贝沙坦氢氯噻嗪,胸膜
甲强龙,头
扩大左半结肠切除术,横结肠中段
甘利欣,胃
肠息肉内镜上切除术,腹
经腹广泛子宫+两附件切除+盆腔淋巴清扫术,左髂血管淋巴结
冷刀宫颈锥切术,宫颈
速效救心丸,后背部
胆囊切除、胆总管探查取石、T管引流术,腹
腹腔热灌注化疗术,肠
降结肠根治术,降乙交界处
全麻上剖腹探查、左半结肠切除术,腹
经腹全子宫两两侧附件切除附件切除术+盆腔淋巴结清扫术,左闭孔深淋巴结
腹腔镜上直肠癌根治术MILES,直肠
肿瘤细胞减灭术（I型全子宫切除+两侧附件切除+大网膜切除+盆腔及腹主动脉旁淋巴结清扫+肠修补术）,上腹
两黄连口服液,胸
吗丁啉,腹
倍他乐克缓释片,肢体
胃癌根治术,胰头
顺耳宁,胸
华法林,两上肢
替加氟,肛门
雷贝拉唑,腹部
腹腔镜上DIXON术,肠
亚叶酸钙,腹
腹腔镜上根治性远端胃大部切除术,胆囊
开塞露,腹部
卡培他滨,腹
肝动脉泵植入术,肝动脉
心包穿刺,颈部淋巴结
山莨菪碱,腹
S-1,特比澳
全麻上宫颈癌根治术（保留神经III型广泛子宫切除术+两侧附件切除术+盆腔淋巴结清扫术）,右左髂总、右左髂外、左闭孔淋巴结
多西他赛,左侧附件
S-1,手足
兰索拉唑,肝
爱斯万,淋巴结
顺铂,腹腔淋巴结
全子宫+两附件切除+腹盆腔粘连松解术,陶氏腔
（远端）胃癌根治术,胃
泰勒宁,腹
氯比格雷,左前降支中段
胰十二指肠切除术,胰
洛赛克,腹
剖腹探查+卵巢癌细胞减灭术（全子宫、两侧附件、大网膜、阑尾、盆腔转移灶、直肠转移灶切除+盆腔淋巴结清扫术）,直肠
九味羌活丸,腹
直肠癌低位前切除术+预防性回肠造瘘术,肠
RFA术,肝
两腔上行经颈胸腹下段食管癌切除术,肠
胃癌根治术,大弯
安素泰,肝
厄贝沙坦,肺动脉瓣
藿安正气丸,右下腹
胃癌根治术,右侧下上肢
G-CSF,口腔
奥美拉唑,腰背部
全胃+D2,腹主动脉
胃癌根治术（远端胃大部切除+ROUX-EN-Y重建）,下腹部
维生素,左侧腋窝静脉
布地奈德,肺穿
胆囊切除、胆总管探查取石、T管引流术,下腹部
安置“起搏器,心
腹腔镜右半结肠切除术+DIXON术,降结肠中段
培美曲赛,腰
阿托伐他汀钙,左室
爱斯万,左侧下肢
胃癌根治术,肝门
天麻素,头
美托洛尔片,腹
肿瘤坏死因子,腹腔
奥沙利铂,头
XELODA,两肺
气管插管,肺
氯酸氢氯吡格雷,胃
硫酸镁,宫口
行腹腔镜上远端胃大部切除术+放射性粒子植入,。
天麻素,胸
救心丸,胸部
沐舒坦,脑
气管插管,心
根治性远端胃大部切除、毕II式吻合术,下腹部
胃癌根治术,十二指肠
瑞宁得,右股骨
乐沙定,肝
横结肠造口术,直肠远端
直肠MILES术,腹
艾素,腹主动脉
泼尼松,胃
腹腔镜上直肠癌根治术DIXON”,腹膜反折
肝癌介入治疗（TACE）,左肝
腹腔镜上左半结肠姑息性切除术,腹腔
吗丁啉,心
益保世灵,心
腹腔镜上直肠癌根治术DIXON,肝脏
经右胸食管癌切除术＋食管胃弓下吻合术,贲门旁淋巴结
根治性全胃切除术,小弯侧淋巴结
右肺下叶切除术,右肺下叶
卡络磺钠,胸
依替米星,腹部
肝癌切除+胆囊切除术,胃
波贝,腹
腹腔镜辅助上乙状结肠癌根治术,肠周淋巴结
右侧胸腔引流术,面部
内镜上息肉切除术,肛门
培美曲塞,肝
SORAFINIB,肝肾之间
希罗达,左前纵隔淋巴结
直肠活检,肠
经皮肝穿胆道引流术,阴道
阿司匹林肠溶片,胸部
直肠癌低位前切除术,肝右外叶
同奥,骨髓
剖腹探查+直肠癌根治术（HARTMANN术）+肠粘连松解术,肠壁淋巴结
吗丁啉,胸
希罗达,贲门左(3/3)、 胃小弯(8/9)、幽门上（2/2)淋巴结
藿安正气丸,下腹
顺铂,腹
腹腔镜上扩大根治性左半结肠切除术,腹
结肠癌根治术+放射性粒子置入术,结肠
喉部恶性肿瘤切除术,咽部
艾恒,腹膜后多发淋巴结
甘利欣,腹
腹腔镜上乙状结肠癌根治术,肝
溴己新,胃窦腔
乙状结肠癌根治、子宫两附件切除术,腹
食管-胃底手工吻合,胃底
乙状结肠切除术,肠
热毒宁,双肺
直肠肿物切除术,直肠
腹腔镜上两卵巢切除术+腹腔热灌注,右输卵管
天麻素,两下肢
速效救心丸,腹
腹腔镜上直肠癌根治术MILES,腹腔
厄贝沙坦氢氯噻嗪,两侧肺
氟伐他汀钠缓释片,左肺下叶
伽马刀,直肠
多帕菲,胃
吗丁啉,胃
碘油,肝左叶
腔镜上直肠根治术（DIXON手术,腹
鼻息肉切除术,头
胃癌姑息切除术,腹主动脉
阿托伐他汀,腹部
氢氯噻嗪,胸
厄贝沙坦,右室后壁
异舒吉,双下肢
卡铂,盆腹腔淋巴淋巴结
腹腔镜上直肠癌根治术+右半肝切除术+胆囊切除术,肠
腹腔镜上根治性全胃切除+食管空肠ROUX-Y吻合术（D2）,大网膜
直肠癌根治术,肝脏
全胃切除，空肠J字代胃术,胃体
胆总管切开取石+胆囊切除+肝上脓肿切开引流+腹腔粘连松解+T管引流术,腹腔
希罗达,盆腔
内镜上息肉切除术,腹部
直肠癌MILES术,直肠
腹腔镜上腹腔探查术+中转开腹+术中冰冻活检+乙状结肠癌根治术+小肠部分切除术、肠吻合术,盆壁
解剖性右半肝切除+胆囊切除术,肝
速效救心丸,胸
胃癌姑息切除术（远端胃大切）,腹
胃癌根治术（远端胃大部分切除）,下腹
替加氟,腹腔淋巴结
左半结肠切除+WIPPLE术,胆囊
肝转移瘤切除+胆囊切除,肝S6、7
恩替卡韦分散片,头
腹主动脉旁淋巴结取样术,腹
洛赛克,胃
全胃切除术,腹
腹腔镜上直肠部分切除术（姑息性）+乙状结肠造瘘术,腹腔
卡络磺钠,心
阿托伐他汀钙片,胸
胰体尾切除+空肠近端切除+脾切除+结肠脾区切除+ROUX-EN-Y吻合术,气管
乙状结肠癌根治术,盆腔
剖腹探查+术中灌肠+DIXON+阑尾切除术,肠
速效救心丸,心
诊刮术,阴道
腹腔镜中转-根治性全胃切除术,腹膜后淋巴结
右乳癌改良根治术,肝脏
开腹探查乙状结肠癌切除术,肠
S1,右输卵管
行乐沙定,两肺
腹腔镜左半结肠切除术,肠
全子宫+右附件手术切除,结肠旁沟
美托洛尔,肩背部
子宫内膜分段诊刮,阴道
脑络通胶囊,耳
剖腹探查术+回肠造瘘术,腹腔
右前臂动静脉内瘘成形术,心
地塞米松,心
格列齐特,两上肢
头孢他啶,腹
单硝酸异山梨酯缓释片,左室
安维汀,骶前
结肠多发息肉镜上切除,下腹
利巴韦林,腹
空肠切除术,回盲部
肝动脉化疗栓塞术,肝
磷酸肌酸,心
胸腺五肽,胃
多索茶碱,右下肺
全子宫+两附件切除+腹盆腔粘连松解术,左附件区
（远端）胃癌根治术,肠
全胃切除术（空肠J字代胃）,腹
直肠癌根治术（DIXONS’术式）,肠
兰索拉唑,胸
甘油灌肠剂,腹
肝癌切除+胆囊切除术,腹
神经节苷酯,两肺上叶
氟伐他汀钠缓释片,右侧肢体
哌拉西林他佐巴坦针,胸
贲门癌根治（全胃切除）+胰腺体尾部切除+脾切除术,脾门淋巴结
胃肠吻合术,胃结肠韧带
爱斯万,门腔间隙
腹腔镜上直肠癌根治术DIXON,肝
益保世灵,子宫内膜
顺铂,胃
瑞宁得,肺
内镜上切除术,剑突
翻身三切口食管下段癌切除+食管-胃底右颈部吻合+第6后肋内固定+空肠造瘘术,食管
亚胺培南,阴道
剖腹探查术+胃空肠吻合术,胃窦部
呋塞米,肠壁
根治性远端胃大部切除术,肝脏
根治性全胃切除术,下腹
腹会阴直肠癌根治术（MILES手术）,腹
卡铂,右侧输卵管
腹腔镜辅助上根治性全胃切除术,腹
洛赛克,胰
奥沙利铂,骨髓
丙种球蛋白,右手腕部
门冬胰岛素,腹
补佳乐,心
根治性全胃及食管上段切除+食管-空肠ROUX-EN-Y吻合术,幽门上淋巴结
血凝酶,右侧肩背部
宫颈冷刀锥切术,宫颈
上肢动脉置管溶栓术,两侧髂总动脉
DDP,胸
经左胸三切口食管下段癌切除+食管胃底左颈部吻合+左侧第5肋骨固定术,下段食管
行胃癌根治术（远端胃大切）,下腹
维康达,胃部
紫杉醇,左侧胸胸背部
强力枇杷露,腹腔
结肠癌根治术,腹
西斯他丁钠粉针,阴道
经腹食管胃交界腺癌根治术,大弯侧
远端胃切除,胃大体
贝伐珠单抗,颅
结肠癌根治术+放射性粒子置入术,肠
腹腔镜探查+（全胃）胃癌根治术,胃壁
肿瘤细胞减灭术,腹
氨溴索,胸
厄贝沙坦氢氯噻嗪片,心
左侧足第3趾趾离断术+VSD置入术,腓动脉
伏格列波糖,头
胃癌根治术+肝转移切除,胃
硝酸甘油片,心
全子宫切除术+两侧附件切除术+肿瘤细胞减灭术+骶韧带悬吊术+大网膜肿物切除术,全子宫
伊立替康,肝S8 
腹腔镜上左半结肠姑息性切除术,近端肠管
DIXON术,腹
泽菲,肝
MTX,髂总血管
右半结肠切除+恶性肿瘤腔内灌注治疗,肠
络活喜,双下肢
右大腿截肢右膝肿物切除及右腹股沟淋巴结清扫术,右腹股沟
右半结肠切除术,乙状结肠
血凝酶,头
安素泰,胃
乙状结肠癌根治术,结肠
姑息性乙状结肠癌切除术,直肠远端
拜阿司匹林,气管
大网膜穿刺病理检查术,胃肠道
顺铂,两肺
洛芬待因片,头
贝伐,右上肺
奥沙利铂,左侧附件
倍他乐克,双下肢
胃早癌剥离术,心
胃癌根治术（全胃切除+ ROUX-EN-Y重建）,腹
B超引导上肝肿瘤射频消融毁损术,肝右叶
美托洛尔片,胸部
右上肢动脉造影+右上肢动脉置管溶栓术,血管
5-FU,肠
曲美他嗪,肺动脉瓣
腹腔镜上腹腔探查术+中转开腹+术中冰冻活检+乙状结肠癌根治术+小肠部分切除术、肠吻合术,回盲部
肝转移瘤切除术,肝
坎地沙坦,头
胃癌姑息性切除术（远端胃大部切除+毕I式吻合）,胃窦小弯
腹腔镜上广泛性子宫切除术+两侧附件切除+盆腔淋巴结清扫术+盆腔粘连松解术,右、左附件
消渴丸降糖,两上肢
哌拉西林他佐巴坦针,右下肺
胸腔闭式引流术,两侧肺
疏血通,左基底节区
二甲两胍格列美脲胶囊,两上肢
远端胃癌根治术,十二指肠
希罗达, 胃体
丙种球蛋白,双下肢
疏血通,肺
左半结肠切除术,结肠肝曲
肠镜检查+息肉切除术,直肠
痰热清,咽
沐舒坦,左侧大脑半球
腹腔镜上DIXON'S,肠
二甲两胍缓释片,四肢
喉部恶性肿瘤切除术,颈根部及下中纵隔食管
腹膜后肿块穿刺活检术,左腹
乙状结肠癌根治术,肠
顺铂,脑
胸腔镜上全胸段食管切除+食管-胃底右颈部吻合术,食管
乐息平,头
（宫颈）中分化鳞状细胞癌,宫
横结肠造口术,降结肠
泼尼松,肝
麝香保心丸,胸部
伏格列波糖,心
腹腔镜上直肠癌根治术DIXON”,腹腔
BEV,两肺
腹腔镜胆囊切除+胆总管切开取石+T管引流术,胆道
胰十二指肠切除术,巩膜
全子宫切除+盆腔淋巴结清扫术,宫旁
胃癌根治术, 肝总动脉旁（0/1)、 胃大弯（0/1)淋巴结
益保世灵,阴道
宫颈活检术,头
心包穿刺,肺
肝癌+胆囊切除术,左下腹部
左半结肠切除术、胃肠吻合术,上腹
亚叶酸钙,右侧盆壁
异丙托溴铵,腹
腹腔镜上右肝肿物切除术+胆囊切除术,肝
宫腔镜上子宫内膜息肉切除术,子宫
胃空肠吻合+空肠侧侧吻合术,腹腔
紫杉醇,胸背部
腹腔镜左半结肠切除术,结直肠
硝酸甘油片,腹
氟伐他汀钠缓释片,左侧大脑半球
甘精胰岛素,上肢
希罗达,腹腔
多西他赛,大网膜
腹腔肿物切除术,胃
乙状结肠癌根治术,腹腔
安素泰,腹腔
卡络磺钠,头
氨茶碱,胸
呋塞米片,头
DIXON手术,腹
消炎利胆片,皮肤
根治性远端胃大部切除＋毕Ｉ式吻合术,腹
美托洛尔缓释片,两房
乙状结肠癌根治术,肝脏
气管插管,两肺
姑息性左半结肠切除术,腹腔
全胃切除术（空肠J字代胃）,腹腔
姑息性直肠癌切除术,肠
替吉奥 ,腹腔
异环磷酰胺,腹腔
硝苯地平缓释片,头
广泛全子宫切除+两侧附件切除+盆腔淋巴结清扫+腹主动脉旁淋巴结活检术,盆腔及腹主动脉旁淋巴结
全子宫+两附件切除+腹盆腔粘连松解术,腹
姑息性左半结肠切除术,肝脏
广泛全子宫两附件切除术+盆腔淋巴结清扫术+阔韧带肌瘤剥除术+阴道顶悬吊术,脾
善龙,子宫底
紫杉醇,右侧输尿管
奥沙利铂,胃肠道
阿司匹林,肩背部
卡培他滨,腹腔
腹腔镜上胃体间质瘤切除术,胃体大弯侧
腹腔镜上胃癌根治术（BILLROTHS II式）,中下腹
宫腔镜上子宫粘膜上肿物切除术,宫颈口
顺铂,右肺下叶
左旋氨氯地平片,双下肢
全子宫+两附件切除+腹盆腔粘连松解术,右卵巢
普美显,左肾
广泛性子宫切除、两侧输卵管卵巢切除及盆腔淋巴结清扫术,两输卵管
B超引导上左颈部肿物粗针活检术,左颈
直肠癌根治术,骶前
STENT术,血管
西沙必利,头
华蟾素片,腹
卡培他滨,骶前
经腹根治性远端胃大部切除、胃-空肠roux-en-y吻合、胆囊切除术,腹
阿托伐他汀钙,右房
左半结肠切除术+淋巴结清扫术,阑尾
宫血宁,阴道
左亚叶酸钙,右侧附件
腹腔镜上左半结肠根治性切除术,近端肠管
直肠癌经腹、会阴联合切除术（MILES术），右侧腹壁永久造瘘,腹
胸腔闭式引流术,肺部
阴道镜上宫颈活检,宫颈
食管中段癌切除+食管-胃底弓下吻合术,胸腔
胰十二指肠切除术,胆管壁
卡培他滨,骨
安素泰,腹
根治性左半结肠切除术,肝
胃癌根治术（全胃切除+ ROUX-EN-Y重建）,食管
小肠癌根治术,空肠
胃癌根治术,淋巴结
腹腔镜上右卵巢囊肿剥除术+盆腔粘连松解术,右侧盆壁
直肠癌根治术,两肺
头孢呋辛,鼻
经腹食管胃交界腺癌根治术,食管
肠镜上结肠直肠多发性息肉氩气刀治疗术,中下腹
罗布麻,两上肢
腹左胸食管癌切除术,胸腔
曲美他嗪,上肢
腹腔镜子宫内膜癌分期术,腹主动脉
奥沙利铂,右侧附件
根治性远端胃大部切除＋毕Ｉ式吻合术,中下腹
定君生,阴道
子宫,两侧卵巢
腹腔镜根治性远端胃大部切除术（毕I式D2R0）,胃小弯侧胃角
腹腔镜根治性远端胃大部切除术（毕I式D2R0）,盆底
宫颈活检术,眼
胃癌根治术,小弯侧
结直肠多发息肉内镜上切除术,乙状结肠
腹腔镜扩大根治性左半结肠切除术,结肠
艾恒,胃右动脉
比索洛尔,剑突
氟伐他汀钠缓释片,肺
远端胃癌根治术,胃
子宫切除+两附件切除+DIXON术+大网膜切除术开腹恶性肿瘤特殊治疗术,盆腔
空回肠侧侧吻合+横结肠造口术,回肠
腹腔镜下全子宫切除术+双侧输卵管-卵巢切除术+阴道顶悬吊术+盆腔粘连松解术,右侧宫底
乐沙定,腹
卡络磺钠,四肢
甘精,左下肢
单硝酸异山梨酯,腹
直肠肿瘤DIXON切除术,腹腔
左侧上肢动脉造影+球囊扩张术,上肢
贝伐珠单抗,双肺
腹腔镜中转-根治性全胃切除术,肝固有动脉
培美曲塞,腹
腹腔镜上直肠癌根治术DIXON,上腹部
胺碘酮,心
子宫切除+两附件切除+DIXON术+大网膜切除术开腹恶性肿瘤特殊治疗术,肠
普美显,右肾
白蛋白紫杉醇,鼻咽
乳腺根治性切除术,左乳
溴己新,右肾
厄贝沙坦氢氯噻嗪,肺内血管支气管束
紫杉醇,锁骨下
神经节苷酯,脑
腹腔镜探查，经腹会阴直肠癌联合根治术,肠
元胡止痛片,头
胃癌姑息切除术（远端胃大切）,横结肠
曲美布汀,胸
肠息肉切除术,腹
肝癌切除术+胆囊切除术,腹腔
远端闭锁，近端造瘘术,淋巴结
多索茶碱,心
姑息性左半结肠切除术,胰头
DIXON手术,淋巴结
红花,腹
直肠癌根治术（DIXON式）,淋巴结
乙状结肠造瘘,输尿管
剖腹探查,脾
经腹广泛子宫+两附件切除+盆腔淋巴清扫术,左闭孔淋巴结
TAE,肝左叶
氟伐他汀钠缓释片,胃
右半结肠切除术术,肠旁淋巴结
胆总管切开取石+胆囊切除+肝上脓肿切开引流+腹腔粘连松解+T管引流术,膈肌
亚胺培南,大肠
肝左后上叶肿瘤切除术,肝
甘草合剂,胸
速效救心丸,左前降支中段
右侧胸腔引流术,上腔静脉
两侧输卵管结扎术,腹
补佳乐,子宫内膜
广泛性全子宫＋两附件切除术＋盆腔淋巴结清扫术,阴道壁
阿托伐他汀钙,肺动脉瓣
剖腹探查、根治性全胃切除术、食管-空肠ROUX-EN-Y吻合术,腹
经腹根治性远端胃大部切除、胃-空肠roux-en-y吻合、胆囊切除术,胃
腹腔镜下全子宫切除术+双侧输卵管-卵巢切除术+阴道顶悬吊术+盆腔粘连松解术,双侧附件
疏血通,气管
顺铂,上腹部
速效救心丸,颜面
来得时,口
胰十二指肠切除术,盆底
心包穿刺,左侧颈部
姑息性直肠癌切除术（dixon）,肝脏
速尿,胸
食管癌根治术,下腹部
左卵巢囊肿切除术,左卵巢
经腹广泛子宫+两附件切除+盆腔淋巴清扫术,右闭孔淋巴结
乙状结肠单腔造口，远端封闭,肠
直肠癌根治术,肛门
沐舒坦,右侧肢体
表柔比星,肝
冸托拉唑,骨髓
腹腔镜上直肠姑息性切除术+末段回肠造瘘术,(肠系膜上动脉根部)淋巴结
紫杉醇,食管
复杂粘连松解、胆总管切开取石、胆道镜探查、T管引流术,右肝
右半结肠根治性切除术,肠壁
肝癌介入治疗（TACE）,肝
乙状结肠MT切除术,肝
经腹食管胃交界腺癌根治术,食管胃交界
胆囊切除术,脾
剖腹探查＋大网膜活检术+子宫下段剖宫产术,子宫
剖腹探查+乙状结肠肿瘤根治术+放射性粒子置入,肠壁全层
呋塞米,胃窦腔
促红素,心
超液化碘油,肝左叶
腹腔穿刺术+闭式引流,肝
5-FU,小弯
（宫颈）中分化鳞状细胞癌,右、左附件
经腹直肠癌根治术（DIXON术）,肠
甘露醇,右侧下上肢
气管切开,肺
莫西沙星,胸膜
剖腹探查术,回盲部
氨氯地平,右室
横结肠两腔造瘘术+阴道修补术,阴道
腹腔粘连松解术+部分大网膜切除术+广泛全子宫+两侧卵巢移位术+盆腔淋巴结清扫术,两侧宫旁
腹腔镜上直乙交界处结肠癌根治术,直肠-乙状结肠交界处
舒普深,右侧肢体
氯沙坦钾,胃
全子宫两附件大网膜阑尾切除、腹壁病灶切除术,腹
肠镜检查+息肉切除术,乙状结肠
硝苯地平缓释片,心
希舒美,腹
5-FU,宫颈
剖腹探查+胆肠吻合+胃肠吻合+胆囊切除术,腹
腹腔镜上扩大根治性左半结肠切除术,肝脏
左半结肠切除+WIPPLE术,十二指肠
肝转移瘤微波消融术,肝S4
奥沙利铂（艾恒）,腹
剖腹探查,盆腔淋巴结
腹腔镜上扩大根治性左半结肠切除术,腹腔
胃癌姑息切除术,肝脏
沐舒坦,心包
胃癌切除术,胸骨上段
神经节苷酯,左基底节区
福辛普利片,左上肢
脑络通胶囊,两上肢
胃癌根治+幽门成形术,下腹部
中人氟安,腹
红花,头
紫杉醇,胃
胃癌根治术,胃底部
格列美脲,肢体
贲门癌根治（全胃切除）+胰腺体尾部切除+脾切除术,胃体小弯侧
希罗达,骨髓
里葆多,胃
子宫次全切除术,腰骶部
格列美脲,四肢
“LEEP”术,宫颈管
全子宫+右附件手术切除,左侧盆腔淋巴结
椎间盘切除+植骨cage植入+钢板内固定术,颈椎
头孢地尼胶囊,胃
腹腔镜上直肠癌根治术DIXON,腹
右第I、II趾截趾术,右上肢
盆腔淋巴结清扫术,两侧宫旁
氟伐他汀钠缓释片,脑
罗格列酮,四肢
全子宫切除术+右侧附件切除术,宫颈管
罗格列酮,肢体
天麻素,耳
碘油,腹腔干
胃空肠吻合+空肠侧侧吻合术,胃窦小弯侧
全子宫切除+盆腔淋巴结清扫术,右髂内
奥铂,腹腔动脉
速尿,头
经腹食管胃交界腺癌根治术,胃小弯侧
甲硝唑,腹
B超引导上腹腔穿刺置管引流,眼
左侧上肢动脉造影+球囊扩张术,左侧腓动脉
腹腔镜上根治性远端胃大部切除术,腹
卡培他滨,腰骶部
腹腔镜转开腹，姑息性腹膜后肿瘤切除+胆囊切除,腰
伊马替尼,腹
安维汀,肠
肠镜上结肠直肠多发性息肉氩气刀治疗术,胰腺尾部
姑息性乙状结肠切除术,降结肠末端
B超引导上腹腔穿刺置管引流,腹腔
呋塞米片,腹
胰尾+脾+部分结肠切除术,脾脏
直肠癌根治术,子宫
阑尾切除术,子宫
天晴甘美,胃
根治性全胃切除术（食管空肠ROUX-Y吻合、D2+、R0),胃
胰十二指肠切除术,十二指肠粘膜
腹腔镜上根治性全胃切除术,大弯淋巴结
子宫动脉造影术及子宫动脉栓塞术及利凡诺羊膜腔穿刺引产术,阴道
复杂粘连松解、胆总管切开取石、胆道镜探查、T管引流术,右肝管
内镜下息肉摘除术,直肠
胰十二指肠切除术,门静脉
右肾下腺巨大肿瘤切除+右肾切除+肠粘连松解术,右肾下腺
善龙,前腹壁
培美曲赛,胸椎
腹腔镜左半结肠切除术,升结肠系膜
呋塞米,腹
开塞露,腹
胃癌根治术（远端胃大切）,下腹部
剖腹探查,上腹部
磷酸肌酸,胸
速效救心丸,左侧肩背部
腹腔镜上左半结肠根治性切除术,回盲部
里葆多,肝
顺铂,消化道
疏血通,右侧肢体
胰十二指肠切除术,胰头
兰索拉唑,心
行乐沙定,盆腔
胸腔镜上切除右下肺M切除,直肠
奥美拉唑,左肾下极
华法林,左肺中叶
多西他赛,肝
多西他赛,肾
神经节苷酯,肺
胆囊摘除术,心包
重组甘精胰岛素注射液（长秀霖笔芯）,心
脑络通胶囊,胸
阿司匹林,胸
胸椎肿瘤后路切除+内固定术,上腹部
剖腹探查＋大网膜活检术+子宫下段剖宫产术,腹
安维汀,面部
